1,Gesamtwertung,,,,,,,2,Gesamtwertung,,,,,,,3,Gesamtwertung,,,,,,,4,Gesamtwertung,,,,,,,5,Gesamtwertung,,,,,,,6,Gesamtwertung,,,,,,,7,Gesamtwertung,,,,,,,8,Gesamtwertung,,,,,,,9,Gesamtwertung,,,,,,,10,Gesamtwertung,,,,,,,11,Gesamtwertung,,,,,,,12,Gesamtwertung,,,,,,,13,Gesamtwertung,,,,,,,14,Gesamtwertung,,,,,,,15,Gesamtwertung,,,,,,,16,Gesamtwertung,,,,,,,17,Gesamtwertung,,,,,,,18,Gesamtwertung,,,,,,,19,Gesamtwertung,,,,,,,20,Gesamtwertung,,,,,,,21,Gesamtwertung,,,,,,,22,Gesamtwertung,,,,,,,23,Gesamtwertung,,,,,,,24,Gesamtwertung,,,,,,,25,Gesamtwertung,,,,,,,26,Gesamtwertung,,,,,,,27,Gesamtwertung,,,,,,,28,Gesamtwertung,,,,,,,29,Gesamtwertung,,,,,,,30,Gesamtwertung,,,,,,,31,Gesamtwertung,,,,,,,32,Gesamtwertung,,,,,,,33,Gesamtwertung,,,,,,,34,Gesamtwertung,,,,,,,35,Gesamtwertung,,,,,,,36,Gesamtwertung,,,,,,,37,Gesamtwertung,,,,,,,38,Gesamtwertung,,,,,,,39,Gesamtwertung,,,,,,,40,Gesamtwertung,,,,,,,41,Gesamtwertung,,,,,,,42,Gesamtwertung,,,,,,,43,Gesamtwertung,,,,,,,44,Gesamtwertung,,,,,,,45,Gesamtwertung,,,,,,,46,Gesamtwertung,,,,,,,47,Gesamtwertung,,,,,,,48,Gesamtwertung,,,,,,,49,Gesamtwertung,,,,,,,50,Gesamtwertung,,,,,,,51,Gesamtwertung,,,,,,,52,Gesamtwertung,,,,,,,53,Gesamtwertung,,,,,,,54,Gesamtwertung,,,,,,,55,Gesamtwertung,,,,,,,56,Gesamtwertung,,,,,,,57,Gesamtwertung,,,,,,,58,Gesamtwertung,,,,,,,59,Gesamtwertung,,,,,,,60,Gesamtwertung,,,,,,,61,Gesamtwertung,,,,,,,62,Gesamtwertung,,,,,,,63,Gesamtwertung,,,,,,,64,Gesamtwertung,,,,,,,65,Gesamtwertung,,,,,,,66,Gesamtwertung,,,,,,,67,Gesamtwertung,,,,,,
Art,No-Limit Hold'em,,,,,,,Art,No-Limit Hold'em,,,,,,,Art,No-Limit Hold'em,,,,,,,Art,No-Limit Hold'em,,,,,,,Art,Pot-Limit Omaha,,,,,,,Art,No-Limit Hold'em,,,,,,,Art,No-Limit Hold'em,,,,,,,Art,No-Limit Hold'em,,,,,,,Art,No-Limit Hold'em,,,,,,,Art,No-Limit Hold'em,,,,,,,Art,No-Limit Hold'em,,,,,,,Art,No-Limit Hold'em,,,,,,,Art,No-Limit Hold'em,,,,,,,Art,No-Limit Hold'em,,,,,,,Art,No-Limit Hold'em,,,,,,,Art,No-Limit Hold'em,,,,,,,Art,No-Limit Hold'em,,,,,,,Art,No-Limit Hold'em,,,,,,,Art,No-Limit Hold'em,,,,,,,Art,No-Limit Hold'em,,,,,,,Art,No-Limit Hold'em,,,,,,,Art,No-Limit Hold'em,,,,,,,Art,No-Limit Hold'em,,,,,,,Art,No-Limit Hold'em,,,,,,,Art,No-Limit Hold'em,,,,,,,Art,No-Limit Hold'em,,,,,,,Art,No-Limit Hold'em,,,,,,,Art,No-Limit Hold'em,,,,,,,Art,No-Limit Hold'em,,,,,,,Art,No-Limit Hold'em,,,,,,,Art,No-Limit Hold'em,,,,,,,Art,No-Limit Hold'em,,,,,,,Art,No-Limit Hold'em,,,,,,,Art,No-Limit Hold'em,,,,,,,Art,No-Limit Hold'em,,,,,,,Art,No-Limit Hold'em,,,,,,,Art,No-Limit Hold'em,,,,,,,Art,No-Limit Hold'em,,,,,,,Art,No-Limit Hold'em,,,,,,,Art,No-Limit Hold'em,,,,,,,Art,No-Limit Hold'em,,,,,,,Art,No-Limit Hold'em,,,,,,,Art,No-Limit Hold'em,,,,,,,Art,No-Limit Hold'em,,,,,,,Art,No-Limit Hold'em,,,,,,,Art,No-Limit Hold'em,,,,,,,Art,No-Limit Hold'em,,,,,,,Art,No-Limit Hold'em,,,,,,,Art,No-Limit Hold'em,,,,,,,Art,No-Limit Hold'em,,,,,,,Art,No-Limit Hold'em,,,,,,,Art,No-Limit Hold'em,,,,,,,Art,No-Limit Hold'em,,,,,,,Art,No-Limit Hold'em,,,,,,,Art,No-Limit Hold'em,,,,,,,Art,No-Limit Hold'em,,,,,,,Art,No-Limit Hold'em,,,,,,,Art,No-Limit Hold'em,,,,,,,Art,No-Limit Hold'em,,,,,,,Art,No-Limit Hold'em,,,,,,,Art,No-Limit Hold'em,,,,,,,Art,No-Limit Hold'em,,,,,,,Art,No-Limit Hold'em,,,,,,,Art,No-Limit Hold'em,,,,,,,Art,No-Limit Hold'em,,,,,,,Art,No-Limit Hold'em,,,,,,,Art,No-Limit Hold'em,,,,,,
Datum,20.03.2020,,,,,,,Datum,27.03.2020,,,,,,,Datum,27.03.2020,,,,,,,Datum,28.03.2020,,,,,,,Datum,28.03.2020,,,,,,,Datum,28.03.2020,,,,,,,Datum,28.03.2020,,,,,,,Datum,31.03.2020,,,,,,,Datum,01.04.2020,,,,,,,Datum,02.04.2020,,,,,,,Datum,03.04.2020,,,,,,,Datum,03.04.2020,,,,,,,Datum,03.04.2020,,,,,,,Datum,04.04.2020,,,,,,,Datum,04.04.2020,,,,,,,Datum,04.04.2020,,,,,,,Datum,04.04.2020,,,,,,,Datum,05.04.2020,,,,,,,Datum,05.04.2020,,,,,,,Datum,07.04.2020,,,,,,,Datum,07.04.2020,,,,,,,Datum,09.04.2020,,,,,,,Datum,09.04.2020,,,,,,,Datum,09.04.2020,,,,,,,Datum,11.04.2020,,,,,,,Datum,11.04.2020,,,,,,,Datum,11.04.2020,,,,,,,Datum,12.04.2020,,,,,,,Datum,12.04.2020,,,,,,,Datum,13.04.2020,,,,,,,Datum,13.04.2020,,,,,,,Datum,14.04.2020,,,,,,,Datum,14.04.2020,,,,,,,Datum,14.04.2020,,,,,,,Datum,15.04.2020,,,,,,,Datum,15.04.2020,,,,,,,Datum,17.04.2020,,,,,,,Datum,17.04.2020,,,,,,,Datum,17.04.2020,,,,,,,Datum,19.04.2020,,,,,,,Datum,17.04.2020,,,,,,,Datum,17.04.2020,,,,,,,Datum,22.04.2020,,,,,,,Datum,22.04.2020,,,,,,,Datum,24.04.2020,,,,,,,Datum,24.04.2020,,,,,,,Datum,25.04.2020,,,,,,,Datum,25.04.2020,,,,,,,Datum,25.04.2020,,,,,,,Datum,26.04.2020,,,,,,,Datum,28.04.2020,,,,,,,Datum,28.04.2020,,,,,,,Datum,30.04.2020,,,,,,,Datum,30.04.2020,,,,,,,Datum,01.05.2020,,,,,,,Datum,01.05.2020,,,,,,,Datum,01.05.2020,,,,,,,Datum,01.05.2020,,,,,,,Datum,03.05.2020,,,,,,,Datum,03.05.2020,,,,,,,Datum,06.05.2020,,,,,,,Datum,06.05.2020,,,,,,,Datum,07.05.2020,,,,,,,Datum,07.05.2020,,,,,,,Datum,08.05.2020,,,,,,,Datum,08.05.2020,,,,,,,Datum,08.05.2020,,,,,,
Turnierbeginn,23:15,,,,,,,Turnierbeginn,22:00,,,,,,,Turnierbeginn,23:40,,,,,,,Turnierbeginn,00:35,,,,,,,Turnierbeginn,02:40,,,,,,,Turnierbeginn,02:40,,,,,,,Turnierbeginn,03:55,,,,,,,Turnierbeginn,20:30,,,,,,,Turnierbeginn,20:30,,,,,,,Turnierbeginn,21:45,,,,,,,Turnierbeginn,20:30,,,,,,,Turnierbeginn,21:30,,,,,,,Turnierbeginn,23:55,,,,,,,Turnierbeginn,00:00,,,,,,,Turnierbeginn,00:10,,,,,,,Turnierbeginn,01:15,,,,,,,Turnierbeginn,01:45,,,,,,,Turnierbeginn,21:15,,,,,,,Turnierbeginn,21:30,,,,,,,Turnierbeginn,21:15,,,,,,,Turnierbeginn,21:30,,,,,,,Turnierbeginn,20:45,,,,,,,Turnierbeginn,21:00,,,,,,,Turnierbeginn,21:00,,,,,,,Turnierbeginn,20:00,,,,,,,Turnierbeginn,20:45,,,,,,,Turnierbeginn,21:45,,,,,,,Turnierbeginn,21:30,,,,,,,Turnierbeginn,21:35,,,,,,,Turnierbeginn,21:45,,,,,,,Turnierbeginn,22:00,,,,,,,Turnierbeginn,21:00,,,,,,,Turnierbeginn,22:00,,,,,,,Turnierbeginn,22:05,,,,,,,Turnierbeginn,21:00,,,,,,,Turnierbeginn,22:25,,,,,,,Turnierbeginn,21:45,,,,,,,Turnierbeginn,23:30,,,,,,,Turnierbeginn,23:55,,,,,,,Turnierbeginn,20:45,,,,,,,Turnierbeginn,20:50,,,,,,,Turnierbeginn,22:45,,,,,,,Turnierbeginn,21:00,,,,,,,Turnierbeginn,21:15,,,,,,,Turnierbeginn,20:45,,,,,,,Turnierbeginn,21:00,,,,,,,Turnierbeginn,20:45,,,,,,,Turnierbeginn,21:00,,,,,,,Turnierbeginn,23:00,,,,,,,Turnierbeginn,00:20,,,,,,,Turnierbeginn,21:00,,,,,,,Turnierbeginn,21:15,,,,,,,Turnierbeginn,21:00,,,,,,,Turnierbeginn,21:15,,,,,,,Turnierbeginn,00:10,,,,,,,Turnierbeginn,20:45,,,,,,,Turnierbeginn,21:00,,,,,,,Turnierbeginn,22:15,,,,,,,Turnierbeginn,21:00,,,,,,,Turnierbeginn,21:15,,,,,,,Turnierbeginn,21:00,,,,,,,Turnierbeginn,21:15,,,,,,,Turnierbeginn,00:15,,,,,,,Turnierbeginn,01:00,,,,,,,Turnierbeginn,20:45,,,,,,,Turnierbeginn,21:00,,,,,,,Turnierbeginn,21:15,,,,,,
Dauer in min,72,,,,,,,Dauer in min,135,,,,,,,Dauer in min,48,,,,,,,Dauer in min,100,,,,,,,Dauer in min,42,,,,,,,Dauer in min,55,,,,,,,Dauer in min,47,,,,,,,Dauer in min,198,,,,,,,Dauer in min,222,,,,,,,Dauer in min,60,,,,,,,Dauer in min,44,,,,,,,Dauer in min,44,,,,,,,Dauer in min,67,,,,,,,Dauer in min,75,,,,,,,Dauer in min,60,,,,,,,Dauer in min,37,,,,,,,Dauer in min,42,,,,,,,Dauer in min,68,,,,,,,Dauer in min,56,,,,,,,Dauer in min,98,,,,,,,Dauer in min,93,,,,,,,Dauer in min,141,,,,,,,Dauer in min,155,,,,,,,Dauer in min,,,,,,,,Dauer in min,47,,,,,,,Dauer in min,337,,,,,,,Dauer in min,,,,,,,,Dauer in min,166,,,,,,,Dauer in min,101,,,,,,,Dauer in min,50,,,,,,,Dauer in min,135,,,,,,,Dauer in min,122,,,,,,,Dauer in min,95,,,,,,,Dauer in min,101,,,,,,,Dauer in min,129,,,,,,,Dauer in min,15,,,,,,,Dauer in min,299,,,,,,,Dauer in min,168,,,,,,,Dauer in min,108,,,,,,,Dauer in min,107,,,,,,,Dauer in min,85,,,,,,,Dauer in min,76,,,,,,,Dauer in min,164,,,,,,,Dauer in min,176,,,,,,,Dauer in min,181,,,,,,,Dauer in min,157,,,,,,,Dauer in min,00:00,,,,,,,Dauer in min,136,,,,,,,Dauer in min,23:55,,,,,,,Dauer in min,00:00,,,,,,,Dauer in min,00:00,,,,,,,Dauer in min,00:00,,,,,,,Dauer in min,00:00,,,,,,,Dauer in min,00:00,,,,,,,Dauer in min,00:00,,,,,,,Dauer in min,00:00,,,,,,,Dauer in min,00:00,,,,,,,Dauer in min,00:00,,,,,,,Dauer in min,00:00,,,,,,,Dauer in min,00:00,,,,,,,Dauer in min,00:00,,,,,,,Dauer in min,00:00,,,,,,,Dauer in min,00:00,,,,,,,Dauer in min,00:00,,,,,,,Dauer in min,00:00,,,,,,,Dauer in min,00:00,,,,,,,Dauer in min,00:00,,,,,,
Dauer in h,1:12:00,,,,,,,Dauer in h,2:15:00,,,,,,,Dauer in h,0:48:00,,,,,,,Dauer in h,1:40:00,,,,,,,Dauer in h,0:42:00,,,,,,,Dauer in h,0:55:00,,,,,,,Dauer in h,0:47:00,,,,,,,Dauer in h,3:18:00,,,,,,,Dauer in h,3:42:00,,,,,,,Dauer in h,1:00:00,,,,,,,Dauer in h,0:44:00,,,,,,,Dauer in h,0:44:00,,,,,,,Dauer in h,1:07:00,,,,,,,Dauer in h,1:15:00,,,,,,,Dauer in h,1:00:00,,,,,,,Dauer in h,0:37:00,,,,,,,Dauer in h,0:42:00,,,,,,,Dauer in h,1:08:00,,,,,,,Dauer in h,0:56:00,,,,,,,Dauer in h,1:38:00,,,,,,,Dauer in h,1:33:00,,,,,,,Dauer in h,2:21:00,,,,,,,Dauer in h,2:35:00,,,,,,,Dauer in h,0:00:00,,,,,,,Dauer in h,0:47:00,,,,,,,Dauer in h,5:37:00,,,,,,,Dauer in h,0:00:00,,,,,,,Dauer in h,2:46:00,,,,,,,Dauer in h,1:41:00,,,,,,,Dauer in h,0:50:00,,,,,,,Dauer in h,2:15:00,,,,,,,Dauer in h,2:02:00,,,,,,,Dauer in h,1:35:00,,,,,,,Dauer in h,1:41:00,,,,,,,Dauer in h,2:09:00,,,,,,,Dauer in h,0:15:00,,,,,,,Dauer in h,4:59:00,,,,,,,Dauer in h,2:48:00,,,,,,,Dauer in h,1:48:00,,,,,,,Dauer in h,1:47:00,,,,,,,Dauer in h,1:25:00,,,,,,,Dauer in h,1:16:00,,,,,,,Dauer in h,2:44:00,,,,,,,Dauer in h,2:56:00,,,,,,,Dauer in h,3:01:00,,,,,,,Dauer in h,2:37:00,,,,,,,Dauer in h,3:07:00,,,,,,,Dauer in h,2:16:00,,,,,,,Dauer in h,0:01:00,,,,,,,Dauer in h,1:23:00,,,,,,,Dauer in h,2:16:00,,,,,,,Dauer in h,1:56:00,,,,,,,Dauer in h,2:30:00,,,,,,,Dauer in h,2:08:00,,,,,,,Dauer in h,0:50:00,,,,,,,Dauer in h,0:50:00,,,,,,,Dauer in h,2:37:00,,,,,,,Dauer in h,0:50:00,,,,,,,Dauer in h,3:01:00,,,,,,,Dauer in h,2:05:00,,,,,,,Dauer in h,2:17:00,,,,,,,Dauer in h,1:24:00,,,,,,,Dauer in h,2:05:00,,,,,,,Dauer in h,2:05:00,,,,,,,Dauer in h,1:24:00,,,,,,,Dauer in h,2:05:00,,,,,,,Dauer in h,2:05:00,,,,,,
Buy-In,5,,,,,,,Buy-In,5,,,,,,,Buy-In,5,,,,,,,Buy-In,10,,,,,,,Buy-In,2,,,,,,,Buy-In,5,,,,,,,Buy-In,5,,,,,,,Buy-In,5,,,,,,,Buy-In,5,,,,,,,Buy-In,5,,,,,,,Buy-In,3,,,,,,,Buy-In,10,,,,,,,Buy-In,3,,,,,,,Buy-In,5,,,,,,,Buy-In,3,,,,,,,Buy-In,5,,,,,,,Buy-In,3,,,,,,,Buy-In,3,,,,,,,Buy-In,3,,,,,,,Buy-In,5,,,,,,,Buy-In,5,,,,,,,Buy-In,5,,,,,,,Buy-In,5,,,,,,,Buy-In,3,,,,,,,Buy-In,3,,,,,,,Buy-In,20,,,,,,,Buy-In,5,,,,,,,Buy-In,5,,,,,,,Buy-In,3,,,,,,,Buy-In,3,,,,,,,Buy-In,5,,,,,,,Buy-In,5,,,,,,,Buy-In,5,,,,,,,Buy-In,5,,,,,,,Buy-In,5,,,,,,,Buy-In,2,,,,,,,Buy-In,10,,,,,,,Buy-In,5,,,,,,,Buy-In,5,,,,,,,Buy-In,11,,,,,,,Buy-In,5,,,,,,,Buy-In,5,,,,,,,Buy-In,5,,,,,,,Buy-In,5,,,,,,,Buy-In,10,,,,,,,Buy-In,5,,,,,,,Buy-In,20,,,,,,,Buy-In,10,,,,,,,Buy-In,5,,,,,,,Buy-In,5,,,,,,,Buy-In,10,,,,,,,Buy-In,5,,,,,,,Buy-In,10,,,,,,,Buy-In,5,,,,,,,Buy-In,5,,,,,,,Buy-In,10,,,,,,,Buy-In,5,,,,,,,Buy-In,5,,,,,,,Buy-In,5,,,,,,,Buy-In,5,,,,,,,Buy-In,5,,,,,,,Buy-In,5,,,,,,,Buy-In,5,,,,,,,Buy-In,5,,,,,,,Buy-In,11,,,,,,,Buy-In,5,,,,,,,Buy-In,5,,,,,,
Teilnehmer,4,,,,,,,Teilnehmer,16,,,,,,,Teilnehmer,9,,,,,,,Teilnehmer,9,,,,,,,Teilnehmer,4,,,,,,,Teilnehmer,6,,,,,,,Teilnehmer,4,,,,,,,Teilnehmer,9,,,,,,,Teilnehmer,8,,,,,,,Teilnehmer,4,,,,,,,Teilnehmer,5,,,,,,,Teilnehmer,16,,,,,,,Teilnehmer,8,,,,,,,Teilnehmer,9,,,,,,,Teilnehmer,5,,,,,,,Teilnehmer,7,,,,,,,Teilnehmer,5,,,,,,,Teilnehmer,9,,,,,,,Teilnehmer,8,,,,,,,Teilnehmer,9,,,,,,,Teilnehmer,16,,,,,,,Teilnehmer,6,,,,,,,Teilnehmer,8,,,,,,,Teilnehmer,5,,,,,,,Teilnehmer,8,,,,,,,Teilnehmer,18,,,,,,,Teilnehmer,9,,,,,,,Teilnehmer,8,,,,,,,Teilnehmer,6,,,,,,,Teilnehmer,7,,,,,,,Teilnehmer,6,,,,,,,Teilnehmer,9,,,,,,,Teilnehmer,8,,,,,,,Teilnehmer,8,,,,,,,Teilnehmer,6,,,,,,,Teilnehmer,4,,,,,,,Teilnehmer,13,,,,,,,Teilnehmer,8,,,,,,,Teilnehmer,7,,,,,,,Teilnehmer,5,,,,,,,Teilnehmer,5,,,,,,,Teilnehmer,7,,,,,,,Teilnehmer,7,,,,,,,Teilnehmer,9,,,,,,,Teilnehmer,6,,,,,,,Teilnehmer,8,,,,,,,Teilnehmer,11,,,,,,,Teilnehmer,9,,,,,,,Teilnehmer,6,,,,,,,Teilnehmer,8,,,,,,,Teilnehmer,6,,,,,,,Teilnehmer,6,,,,,,,Teilnehmer,7,,,,,,,Teilnehmer,7,,,,,,,Teilnehmer,6,,,,,,,Teilnehmer,8,,,,,,,Teilnehmer,7,,,,,,,Teilnehmer,6,,,,,,,Teilnehmer,10,,,,,,,Teilnehmer,8,,,,,,,Teilnehmer,8,,,,,,,Teilnehmer,5,,,,,,,Teilnehmer,4,,,,,,,Teilnehmer,4,,,,,,,Teilnehmer,7,,,,,,,Teilnehmer,6,,,,,,,Teilnehmer,2,,,,,,
Rebuys,2,,,,,,,Rebuys,0,,,,,,,Rebuys,0,,,,,,,Rebuys,0,,,,,,,Rebuys,1,,,,,,,Rebuys,2,,,,,,,Rebuys,2,,,,,,,Rebuys,0,,,,,,,Rebuys,3,,,,,,,Rebuys,2,,,,,,,Rebuys,0,,,,,,,Rebuys,1,,,,,,,Rebuys,1,,,,,,,Rebuys,1,,,,,,,Rebuys,1,,,,,,,Rebuys,0,,,,,,,Rebuys,2,,,,,,,Rebuys,0,,,,,,,Rebuys,0,,,,,,,Rebuys,0,,,,,,,Rebuys,1,,,,,,,Rebuys,2,,,,,,,Rebuys,3,,,,,,,Rebuys,1,,,,,,,Rebuys,2,,,,,,,Rebuys,4,,,,,,,Rebuys,7,,,,,,,Rebuys,12,,,,,,,Rebuys,5,,,,,,,Rebuys,2,,,,,,,Rebuys,4,,,,,,,Rebuys,4,,,,,,,Rebuys,0,,,,,,,Rebuys,0,,,,,,,Rebuys,3,,,,,,,Rebuys,0,,,,,,,Rebuys,3,,,,,,,Rebuys,1,,,,,,,Rebuys,0,,,,,,,Rebuys,3,,,,,,,Rebuys,1,,,,,,,Rebuys,2,,,,,,,Rebuys,4,,,,,,,Rebuys,1,,,,,,,Rebuys,4,,,,,,,Rebuys,3,,,,,,,Rebuys,1,,,,,,,Rebuys,3,,,,,,,Rebuys,0,,,,,,,Rebuys,1,,,,,,,Rebuys,4,,,,,,,Rebuys,3,,,,,,,Rebuys,0,,,,,,,Rebuys,4,,,,,,,Rebuys,0,,,,,,,Rebuys,0,,,,,,,Rebuys,1,,,,,,,Rebuys,1,,,,,,,Rebuys,3,,,,,,,Rebuys,0,,,,,,,Rebuys,3,,,,,,,Rebuys,1,,,,,,,Rebuys,0,,,,,,,Rebuys,1,,,,,,,Rebuys,0,,,,,,,Rebuys,0,,,,,,,Rebuys,0,,,,,,
Preispool,30,,,,,,,Preispool,80,,,,,,,Preispool,45,,,,,,,Preispool,90,,,,,,,Preispool,10,,,,,,,Preispool,40,,,,,,,Preispool,30,,,,,,,Preispool,45,,,,,,,Preispool,55,,,,,,,Preispool,30,,,,,,,Preispool,15,,,,,,,Preispool,170,,,,,,,Preispool,27,,,,,,,Preispool,50,,,,,,,Preispool,18,,,,,,,Preispool,35,,,,,,,Preispool,21,,,,,,,Preispool,27,,,,,,,Preispool,24,,,,,,,Preispool,45,,,,,,,Preispool,50,,,,,,,Preispool,40,,,,,,,Preispool,55,,,,,,,Preispool,15,,,,,,,Preispool,30,,,,,,,Preispool,440,,,,,,,Preispool,80,,,,,,,Preispool,100,,,,,,,Preispool,33,,,,,,,Preispool,27,,,,,,,Preispool,50,,,,,,,Preispool,65,,,,,,,Preispool,40,,,,,,,Preispool,40,,,,,,,Preispool,45,,,,,,,Preispool,8,,,,,,,Preispool,160,,,,,,,Preispool,45,,,,,,,Preispool,35,,,,,,,Preispool,80,,,,,,,Preispool,30,,,,,,,Preispool,45,,,,,,,Preispool,55,,,,,,,Preispool,50,,,,,,,Preispool,100,,,,,,,Preispool,55,,,,,,,Preispool,240,,,,,,,Preispool,120,,,,,,,Preispool,30,,,,,,,Preispool,45,,,,,,,Preispool,100,,,,,,,Preispool,45,,,,,,,Preispool,70,,,,,,,Preispool,55,,,,,,,Preispool,35,,,,,,,Preispool,80,,,,,,,Preispool,40,,,,,,,Preispool,35,,,,,,,Preispool,65,,,,,,,Preispool,40,,,,,,,Preispool,55,,,,,,,Preispool,30,,,,,,,Preispool,20,,,,,,,Preispool,20,,,,,,,Preispool,30,,,,,,,Preispool,20,,,,,,,Preispool,20,,,,,,
Auszahlung,2,,,,,,,Auszahlung,4,,,,,,,Auszahlung,3,,,,,,,Auszahlung,3,,,,,,,Auszahlung,1,,,,,,,Auszahlung,3,,,,,,,Auszahlung,1,,,,,,,Auszahlung,3,,,,,,,Auszahlung,3,,,,,,,Auszahlung,1,,,,,,,Auszahlung,1,,,,,,,Auszahlung,4,,,,,,,Auszahlung,3,,,,,,,Auszahlung,3,,,,,,,Auszahlung,1,,,,,,,Auszahlung,3,,,,,,,Auszahlung,1,,,,,,,Auszahlung,3,,,,,,,Auszahlung,3,,,,,,,Auszahlung,3,,,,,,,Auszahlung,3,,,,,,,Auszahlung,3,,,,,,,Auszahlung,3,,,,,,,Auszahlung,1,,,,,,,Auszahlung,3,,,,,,,Auszahlung,4,,,,,,,Auszahlung,3,,,,,,,Auszahlung,3,,,,,,,Auszahlung,3,,,,,,,Auszahlung,3,,,,,,,Auszahlung,3,,,,,,,Auszahlung,3,,,,,,,Auszahlung,3,,,,,,,Auszahlung,3,,,,,,,Auszahlung,3,,,,,,,Auszahlung,1,,,,,,,Auszahlung,3,,,,,,,Auszahlung,3,,,,,,,Auszahlung,3,,,,,,,Auszahlung,2,,,,,,,Auszahlung,2,,,,,,,Auszahlung,3,,,,,,,Auszahlung,3,,,,,,,Auszahlung,3,,,,,,,Auszahlung,3,,,,,,,Auszahlung,3,,,,,,,Auszahlung,3,,,,,,,Auszahlung,3,,,,,,,Auszahlung,3,,,,,,,Auszahlung,3,,,,,,,Auszahlung,3,,,,,,,Auszahlung,3,,,,,,,Auszahlung,3,,,,,,,Auszahlung,3,,,,,,,Auszahlung,3,,,,,,,Auszahlung,3,,,,,,,Auszahlung,3,,,,,,,Auszahlung,3,,,,,,,Auszahlung,3,,,,,,,Auszahlung,3,,,,,,,Auszahlung,3,,,,,,,Auszahlung,2,,,,,,,Auszahlung,2,,,,,,,Auszahlung,2,,,,,,,Auszahlung,2,,,,,,,Auszahlung,2,,,,,,,Auszahlung,2,,,,,,
Rang,Spieler,Auszahlung,Profit,Rating,n the money,,Teilnahmeschlüssel,Rang,Spieler,Auszahlung,Profit,Rating,n the money,,Teilnahmeschlüssel,Rang,Spieler,Auszahlung,Profit,Rating,n the money,,Teilnahmeschlüssel,Rang,Spieler,Auszahlung,Profit,Rating,n the money,,Teilnahmeschlüssel,Rang,Spieler,Auszahlung,Profit,Rating,n the money,,Teilnahmeschlüssel,Rang,Spieler,Auszahlung,Profit,Rating,n the money,,Teilnahmeschlüssel,Rang,Spieler,Auszahlung,Profit,Rating,n the money,,Teilnahme,Rang,Spieler,Auszahlung,Profit,Rating,n the money,,Teilnahme,Rang,Spieler,Auszahlung,Profit,Rating,n the money,,Teilnahme,Rang,Spieler,Auszahlung,Profit,Rating,n the money,,Teilnahme,Rang,Spieler,Auszahlung,Profit,Rating,n the money,,Teilnahme,Rang,Spieler,Auszahlung,Profit,Rating,n the money,,Teilnahme,Rang,Spieler,Auszahlung,Profit,Rating,n the money,,Teilnahme,Rang,Spieler,Auszahlung,Profit,Rating,n the money,,Teilnahme,Rang,Spieler,Auszahlung,Profit,Rating,n the money,,Teilnahme,Rang,Spieler,Auszahlung,Profit,Rating,n the money,,Teilnahme,Rang,Spieler,Auszahlung,Profit,Rating,n the money,,Teilnahme,Rang,Spieler,Auszahlung,Profit,Rating,n the money,,Teilnahme,Rang,Spieler,Auszahlung,Profit,Rating,n the money,,Teilnahme,Rang,Spieler,Auszahlung,Profit,Rating,n the money,,Teilnahme,Rang,Spieler,Auszahlung,Profit,Rating,n the money,,Teilnahme,Rang,Spieler,Auszahlung,Profit,Rating,n the money,,Teilnahme,Rang,Spieler,Auszahlung,Profit,Rating,n the money,,Teilnahme,Rang,Spieler,Auszahlung,Profit,Rating,n the money,,Teilnahme,Rang,Spieler,Auszahlung,Profit,Rating,n the money,Quali,Teilnahme,Rang,Spieler,Auszahlung,Profit,Rating,n the money,Quali,Teilnahme,Rang,Spieler,Auszahlung,Profit,Rating,n the money,Quali,Teilnahme,Rang,Spieler,Auszahlung,Profit,Rating,n the money,Quali,Teilnahme,Rang,Spieler,Auszahlung,Profit,Rating,n the money,Quali,Teilnahme,Rang,Spieler,Auszahlung,Profit,Rating,n the money,Quali,Teilnahme,Rang,Spieler,Auszahlung,Profit,Rating,n the money,Quali,Teilnahme,Rang,Spieler,Auszahlung,Profit,Rating,n the money,Quali,Teilnahme,Rang,Spieler,Auszahlung,Profit,Rating,n the money,Quali,Teilnahme,Rang,Spieler,Auszahlung,Profit,Rating,n the money,Quali,Teilnahme,Rang,Spieler,Auszahlung,Profit,Rating,n the money,Quali,Teilnahme,Rang,Spieler,Auszahlung,Profit,Rating,n the money,Quali,Teilnahme,Rang,Spieler,Auszahlung,Profit,Rating,n the money,Quali,Teilnahme,Rang,Spieler,Auszahlung,Profit,Rating,n the money,Quali,Teilnahme,Rang,Spieler,Auszahlung,Profit,Rating,n the money,Quali,Teilnahme,Rang,Spieler,Auszahlung,Profit,Rating,n the money,Quali,Teilnahme,Rang,Spieler,Auszahlung,Profit,Rating,n the money,Quali,Teilnahme,Rang,Spieler,Auszahlung,Profit,Rating,n the money,Quali,Teilnahme,Rang,Spieler,Auszahlung,Profit,Rating,n the money,Quali,Teilnahme,Rang,Spieler,Auszahlung,Profit,Rating,n the money,Quali,Teilnahme,Rang,Spieler,Auszahlung,Profit,Rating,n the money,Quali,Teilnahme,Rang,Spieler,Auszahlung,Profit,Rating,n the money,Quali,Teilnahme,Rang,Spieler,Auszahlung,Profit,Rating,n the money,Quali,Teilnahme,Rang,Spieler,Auszahlung,Profit,Rating,n the money,Quali,Teilnahme,Rang,Spieler,Auszahlung,Profit,Rating,n the money,Quali,Teilnahme,Rang,Spieler,Auszahlung,Profit,Rating,n the money,Quali,Teilnahme,Rang,Spieler,Auszahlung,Profit,Rating,n the money,Quali,Teilnahme,Rang,Spieler,Auszahlung,Profit,Rating,n the money,Quali,Teilnahme,Rang,Spieler,Auszahlung,Profit,Rating,n the money,Quali,Teilnahme,Rang,Spieler,Auszahlung,Profit,Rating,n the money,Quali,Teilnahme,Rang,Spieler,Auszahlung,Profit,Rating,n the money,Quali,Teilnahme,Rang,Spieler,Auszahlung,Profit,Rating,n the money,Quali,Teilnahme,Rang,Spieler,Auszahlung,Profit,Rating,n the money,Quali,Teilnahme,Rang,Spieler,Auszahlung,Profit,Rating,n the money,Quali,Teilnahme,Rang,Spieler,Auszahlung,Profit,Rating,n the money,Quali,Teilnahme,Rang,Spieler,Auszahlung,Profit,Rating,n the money,Quali,Teilnahme,Rang,Spieler,Auszahlung,Profit,Rating,n the money,Quali,Teilnahme,Rang,Spieler,Auszahlung,Profit,Rating,n the money,Quali,Teilnahme,Rang,Spieler,Auszahlung,Profit,Rating,n the money,Quali,Teilnahme,Rang,Spieler,Auszahlung,Profit,Rating,n the money,Quali,Teilnahme,Rang,Spieler,Auszahlung,Profit,Rating,n the money,Quali,Teilnahme,Rang,Spieler,Auszahlung,Profit,Rating,n the money,Quali,Teilnahme,Rang,Spieler,Auszahlung,Profit,Rating,n the money,Quali,Teilnahme
1,AnthonySambini,20,15,"35,0","1,0","1,0",AnthonySambini,1,BennyTillHansen,36,31,"88,0","1,0","1,0",BennyTillHansen,1,Ilse Macket,"22,5","17,5","49,8","1,0",,Ilse Macket,1,bCid_de,45,35,"65,5","1,0",,bCid_de,1,Daladies81,10,8,"24,0","1,0",,Daladies81,1,Daladies81,20,15,"44,0","1,0",,Daladies81,1,ahfmuh,30,25,"40,0","1,0",,ahfmuh,1,Weltrat111,"22,5","17,5","49,8","1,0",,Weltrat111,1,Weltrat111,"22,5","17,5","58,8","1,0",,Weltrat111,1,simon31791,30,25,"40,0","1,0",,simon31791,1,Weltrat111,15,12,"27,0","1,0",,Weltrat111,1,Weltrat111,"76,5","66,5","121,3","1,0","1,0",Weltrat111,1,TheGreatest1990,"13,5","10,5","43,5","1,0",,TheGreatest1990,1,xot16,25,20,"55,5","1,0",,xot16,1,Ilse Macket,18,15,"32,8","1,0",,Ilse Macket,1,Kasule069 ,"17,5","12,5","38,3","1,0",,Kasule069 ,1,AnthonySambini,21,18,"38,6","1,0",,AnthonySambini,1,RomanReuberson,"13,5","10,5","43,5","1,0",,RomanReuberson,1,dermörder,12,9,"38,4","1,0",,dermörder,1,AnthonySambini,"22,5","17,5","49,8","1,0",,AnthonySambini,1,OnkelSchosch,25,20,"83,5","1,0",,OnkelSchosch,1,Schizo85,20,15,"44,0","1,0",,Schizo85,1,Daladies81,"27,5","22,5","61,3","1,0",,Daladies81,1,Daladies81,18,15,"32,5","1,0",,Daladies81,1,Schizo85,15,12,"48,5","1,0",,Schizo85,1,AnthonySambini,198,178,"229,0","1,0","1,0",AnthonySambini,1,Daladies81,"37,5","32,5","88,8","1,0",,Daladies81,1,weltrat111,50,45,"113,0","1,0",,weltrat111,1,AnthonySambini,"16,5","13,5","53,6","1,0",,AnthonySambini,1,Schizo85,"13,5","10,5","43,5","1,0",,Schizo85,1,OnkelSchosch,25,20,"55,5","1,0",,OnkelSchosch,1,Schizo85,"32,5","27,5","72,8","1,0",,Schizo85,1,OnkelSchosch,20,15,"44,0","1,0",,OnkelSchosch,1,bCid_de,20,15,"44,0","1,0",,bCid_de,1,xot16,"22,5","17,5","49,8","1,0",,xot161,1,Ilse Macket,8,6,"18,8","1,0",,Ilse Macket,1,OnkelSchosch,80,70,"118,0","1,0","1,0",OnkelSchosch1,1,FG1983000,"22,5","17,5","49,8","1,0",,FG19830001,1,bCid_de,"17,5","12,5","38,3","1,0",,bCid_de1,1,Schizo85,56,45,"66,0","1,0",,Schizo851,1,Daladies81,21,16,"35,5","1,0",,Daladies811,1,FG1983000,"22,5","17,5","49,8","1,0",,FG19830001,1,FG1983000,"27,5","22,5","61,3","1,0",,FG19830001,1,FG1983000,25,20,"55,5","1,0",,FG19830001,1,Schizo85,50,40,"73,0","1,0","1,0",Schizo851,1,Daladies81,"27,5","22,5","61,3","1,0",,Daladies811,1,OnkelSchosch,120,100,"130,0","1,0","1,0",OnkelSchosch1,1,OnkelSchosch,60,50,"88,0","1,0","1,0",,1,Ilse Macket,15,10,"32,5","1,0",,Ilse Macket,1,Ilse Macket,"22,5","17,5","49,8","1,0",,IlseMacket1,1,Daladies81,50,40,"73,0","1,0",,Daladies811,1,Schizo85,"22,5","17,5","49,8","1,0",,Schizo851,1,IlseMacket,35,25,"50,5","1,0","1,0",IlseMacket1,1,AnthonySambini,"27,5","22,5","61,3","1,0",,AnthonySambini,1,OnkelSchosch,"17,5","12,5","34,3","1,0",,OnkelSchosch1,1,weltrat111,40,30,"58,0","1,0","1,0",weltrat1111,1,OnkelSchosch,20,15,"44,0","1,0",,OnkelSchosch1,1,bCid_de,"17,5","12,5","38,3","1,0",,bCid_de1,1,OnkelSchosch,"32,5","27,5","72,8","1,0",,TheGreatest1990,1,Daladies81,20,15,"50,0","1,0",,Daladies811,1,xinaj ,"27,5","22,5","61,3","1,0",,xinaj1 ,1,OnkelSchosch,21,16,"39,5","1,0",,OnkelSchosch1,1,Daladies81,21,16,"32,5","1,0",,Daladies811,1,OnkelSchosch,"17,5","12,5","32,8","1,0",,OnkelSchosch1,1,OnkelSchosch,21,16,"39,5","1,0",,,1,Daladies81,21,16,"32,5","1,0",,,1,OnkelSchosch,"17,5","12,5","32,8","1,0",,
2,Daladies81,10,5,"22,0","1,0","1,0",Daladies81,2,Kaikeymaster1,24,19,"64,0","1,0","1,0",Kaikeymaster1,2,bCid_de,"13,5","8,5","34,3","1,0",,bCid_de,2,Weltrat111,27,17,"45,5","1,0",,Weltrat111,2,Ilse Macket,0,-2,"12,0",,,Ilse Macket,2,AnthonySambini,12,7,"30,0","1,0",,AnthonySambini,2,Xinaj,0,-5,"17,0",,,Xinaj,2,Gereul,"13,5","8,5","34,3","1,0",,Gereul,2,Daladies81,"13,5","8,5","41,3","1,0",,Daladies81,2,Daladies81,0,-5,"17,0",,,Daladies81,2,AnthonySambini,0,-3,"12,5",,,AnthonySambini,2,Ilse Macket,51,41,"89,5","1,0","1,0",Ilse Macket,2,Daladies81,"8,1","5,1","29,8","1,0",,Daladies81,2,bCid_de,15,10,"38,5","1,0",,bCid_de,2,Kasule069 ,0,-3,"15,8",,,Kasule069 ,2,xinaj ,"10,5","5,5","25,8","1,0",,xinaj ,2,Daladies81,0,-3,"19,1",,,Daladies81,2,Globetrotter94,"8,1","5,1","29,8","1,0",,Globetrotter94,2,OnkelSchosch,"7,2","4,2","22,7","1,0",,OnkelSchosch,2,dermörder,"13,5","8,5","34,3","1,0",,dermörder,2,Skill&Tens,15,10,"59,5","1,0",,Skill&Tens,2,dermörder,12,7,"30,0","1,0",,dermörder,2,FG1983000,"16,5","11,5","42,8","1,0",,FG1983000,2,AnthonySambini,0,-3,"15,5",,,AnthonySambini,2,OnkelSchosch,9,6,"33,5","1,0",,OnkelSchosch,2,FG1983000,132,112,"172,0","1,0","1,0",FG1983000,2,AnthonySambini,"22,5","17,5","63,3","1,0",,AnthonySambini,2,dermörder,30,25,"81,0","1,0",,dermörder,2,Daladies81,"9,9","6,9","37,3","1,0",,Daladies81,2,Daladies81,"8,1","5,1","29,8","1,0",,Daladies81,2,dermörder,15,10,"38,5","1,0",,dermörder,2,Artie van Delay,"19,5","14,5","51,3","1,0",,Artie van Delay,2,bCid_de,12,7,"30,0","1,0",,bCid_de,2,Bronski0714,12,7,"30,0","1,0",,Bronski0714,2,OnkelSchosch,"13,5","8,5","34,3","1,0",,OnkelSchosch1,2,OnkelSchosch,0,-2,"8,8",,,OnkelSchosch1,2,Daladies81,48,42,"84,0","1,0","1,0",Daladies811,2,Daladies81,"13,5","8,5","34,3","1,0",,Daladies811,2,Skill&Tens,"10,5","5,5","25,8","1,0",,Skill&Tens1,2,dermörder,24,13,"40,0","1,0",,dermörder1,2,Schizo85,9,4,"21,5","1,0",,Schizo851,2,Daladies81,"13,5","8,5","34,3","1,0",,Daladies811,2,bCid_de,"16,5","11,5","42,8","1,0",,bCid_de1,2,Daladies81,15,10,"38,5","1,0",,Daladies811,2,OnkelSchosch,30,20,"51,0","1,0","1,0",OnkelSchosch1,2,Schizo85,"16,5","11,5","42,8","1,0",,Schizo851,2,xot16,72,52,"92,0","1,0","1,0",xot161,2,IlseMacket,36,26,"62,0","1,0","1,0",,2,xot16,9,4,"21,5","1,0",,xot161,2,ahfmuh,"13,5","8,5","34,3","1,0",,ahfmuh1,2,OnkelSchosch,30,20,"51,0","1,0",,OnkelSchosch1,2,OnkelSchosch,"13,5","8,5","34,3","1,0",,OnkelSchosch1,2,cyprezz,21,11,"34,5","1,0","1,0",cyprezz1,2,OnkelSchosch,"16,5","11,5","42,8","1,0",,OnkelSchosch1,2,AnthonySambini,"10,5","5,5","22,8","1,0",,AnthonySambini,2,cyprezz,24,14,"40,0","1,0","1,0",cyprezz1,2,Daladies81,12,7,"30,0","1,0",,Daladies811,2,Bronski0714,"10,5","5,5","25,8","1,0",,Bronski07141,2,TheGreatest1990,"19,5","14,5","51,3","1,0",,OnkelSchosch1,2,OnkelSchosch,12,7,"33,0","1,0",,OnkelSchosch1,2,TheGreatest1990,"16,5","11,5","42,8","1,0",,TheGreatest1990,2,dermörder,9,4,"23,5","1,0",,dermörder1,2,weltrat111,9,4,"17,5","1,0",,weltrat1111,2,chmulchu,"7,5","2,5","18,8","1,0",,chmulchu1,2,dermörder,9,4,"23,5","1,0",,,2,weltrat111,9,4,"17,5","1,0",,,2,chmulchu,"7,5","2,5","18,8","1,0",,
3,Bronski0714,0,-5,"13,0",,"1,0",Bronski0714,3,OnkelSchosch,12,7,"50,7","1,0","1,0",OnkelSchosch,3,OnkelSchosch,9,4,"27,0","1,0",,OnkelSchosch,3,TheGreatest1990,18,8,"36,0","1,0",,TheGreatest1990,3,Xinaj,0,-2,"8,3",,,Xinaj,3,ahfmuh,8,3,"23,3","1,0",,ahfmuh,3,Daladies81,0,-5,"13,0",,,Daladies81,3,Artie van Delay,9,4,"27,0","1,0",,Artie van Delay,3,AnthonySambini,9,4,"33,3","1,0",,AnthonySambini,3,Ilse Macket,0,-5,"13,0",,,Ilse Macket,3,FG1983000,0,-3,"8,8",,,FG1983000,3,Artie van Delay,"25,5","15,5","69,1","1,0","1,0",Artie van Delay,3,Kasule069 ,"5,4","2,4","23,4","1,0",,Kasule069 ,3,Kasule069 ,10,5,"30,7","1,0",,Kasule069 ,3,Daladies81,0,-3,"11,8",,,Daladies81,3,Daladies81,7,2,"19,7","1,0",,Daladies81,3,xot16,0,-3,"14,8",,,xot16,3,TheGreatest1990,"5,4","2,4","23,4","1,0",,TheGreatest1990,3,AnthonySambini,"4,8","1,8","17,2","1,0",,AnthonySambini,3,Schizo85,9,4,"27,0","1,0",,Schizo85,3,Schizo85,10,5,"49,3","1,0",,Schizo85,3,FG1983000,8,3,"23,3","1,0",,FG1983000,3,Bronski0714,11,6,"34,3","1,0",,Bronski0714,3,Schizo85,0,-3,"11,5",,,Schizo85,3,Daladies81,6,3,"26,7","1,0",,Daladies81,3,xot16,66,46,"129,7","1,0","1,0",xot16,3,weltrat111,15,10,"52,2","1,0",,weltrat111,3,Daladies81,20,15,"67,3","1,0",,Daladies81,3,OnkelSchosch,"6,6","3,6","29,9","1,0",,OnkelSchosch,3,weltrat111,"5,4","2,4","23,4","1,0",,weltrat111,3,Schizo85,10,5,"30,7","1,0",,Schizo85,3,AnthonySambini,13,8,"41,7","1,0",,AnthonySambini,3,Bronski0714,8,3,"23,3","1,0",,Bronski0714,3,dermörder,8,3,"23,3","1,0",,dermörder,3,dermörder,9,4,"27,0","1,0",,dermörder1,3,Daladies81,0,-2,"3,5",,,Daladies811,3,Skill&Tens,32,22,"68,7","1,0","1,0",Skill&Tens1,3,OnkelSchosch,9,4,"27,0","1,0",,OnkelSchosch1,3,dermörder,7,2,"19,7","1,0",,dermörder1,3,AnthonySambini,0,-11,"23,3",,,AnthonySambini,3,AnthonySambini,0,-5,"13,0",,,AnthonySambini,3,simon31791,9,4,"27,0","1,0",,simon317911,3,dermörder,11,6,"34,3","1,0",,dermörder1,3,TheGreatest1990,10,5,"30,7","1,0",,TheGreatest1990,3,FG1983000,20,10,"40,7","1,0","1,0",FG19830001,3,Artie van Delay,11,6,"34,3","1,0",,Artie van Delay1,3,dermörder,48,28,"74,0","1,0","1,0",dermörder1,3,Daladies81,24,14,"50,0","1,0","1,0",,3,OnkelSchosch,6,1,"16,0","1,0",,OnkelSchosch1,3,Daladies81,9,4,"27,0","1,0",,Daladies811,3,dermörder,20,10,"40,7","1,0",,dermörder1,3,dermörder,9,4,"27,0","1,0",,dermörder1,3,Daladies81,14,4,"26,7","1,0","1,0",Daladies811,3,Daladies81,11,6,"34,3","1,0",,Daladies811,3,IlseMacket,7,2,"17,0","1,0",,IlseMacket1,3,dermörder,16,6,"31,3","1,0","1,0",dermörder1,3,bCid_de,8,3,"23,3","1,0",,bCid_de1,3,Daladies81,7,2,"19,7","1,0",,Daladies811,3,AnthonySambini,13,8,"41,7","1,0",,AnthonySambini,3,AnthonySambini,8,3,"25,3","1,0",,AnthonySambini,3,dermörder,11,6,"34,3","1,0",,dermörder1,3,Daladies81,0,-5,"14,3",,,Daladies811,3,OnkelSchosch,0,-5,"6,7",,,OnkelSchosch1,3,weltrat111,0,-5,"10,7",,,weltrat1111,3,Daladies81,0,-5,"14,3",,,,3,OnkelSchosch,0,-5,"6,7",,,,3,weltrat111,0,-5,"10,7",,,
4,Weltrat111,0,-5,"6,0",,"1,0",Weltrat111,4,bCid_de,8,3,"44,0","1,0","1,0",bCid_de,4,Kasule069,0,-5,"19,0",,,Kasule069,4,Skill&Tens,0,-10,"23,5",,,Skill&Tens,4,AnthonySambini,0,-2,"3,5",,,AnthonySambini,4,Ilse Macket,0,-5,"16,0",,,Ilse Macket,4,MaxOwaR111,0,-5,"6,0",,,MaxOwaR111,4,Isachen185,0,-5,"19,0",,,Isachen185,4,Bronski0714,0,-5,"25,0",,,Bronski0714,4,Bronski0714,0,-5,"6,0",,,Bronski0714,4,Dschannien,0,-3,"4,0",,,Dschannien,4,Daladies81,17,7,"60,0","1,0","1,0",Daladies81,4,xot16,0,-3,"17,2",,,xot16,4,xinaj ,0,-5,"22,0",,,xinaj ,4,AnthonySambini,0,-3,"4,8",,,AnthonySambini,4,TheGreatest1990,0,-5,"13,0",,,TheGreatest1990,4,Kasule069 ,0,-3,"11,6",,,Kasule069 ,4,OnkelSchosch,0,-3,"17,2",,,OnkelSchosch,4,Daladies81,0,-3,"11,6",,,Daladies81,4,TheGreatest1990,0,-5,"19,0",,,TheGreatest1990,4,dermörder,0,-5,"39,5",,,dermörder,4,Daladies81,0,-5,"16,0",,,Daladies81,4,TheGreatest1990,0,-5,"25,0",,,TheGreatest1990,4,Ilse Macket,0,-3,"4,5",,,Ilse Macket,4,weltrat111,0,-3,"20,0",,,weltrat111,4,Ilse Macket,44,24,"113,0","1,0","1,0",Ilse Macket,4,bCid_de,0,-5,"40,0",,,bCid_de,4,TheGreatest1990,0,-5,"52,0",,,TheGreatest1990,4,FG1983000,0,-3,"22,8",,,FG1983000,4,dermörder,0,-3,"17,2",,,dermörder,4,Daladies81,0,-5,"22,0",,,Daladies81,4,OnkelSchosch,0,-5,"31,0",,,OnkelSchosch,4,dermörder,0,-5,"16,0",,,dermörder,4,OnkelSchosch,0,-5,"16,0",,,OnkelSchosch,4,weltrat111,0,-5,"19,0",,,weltrat1111,4,dermörder,0,-2,"2,8",,,dermörder1,4,Schizo85,0,-10,"48,0",,"1,0",Schizo851,4,AnthonySambini,0,-5,"19,0",,,AnthonySambini,4,Schizo85,0,-5,"13,0",,,Schizo851,4,Daladies81,0,-11,"20,0",,,Daladies811,4,OnkelSchosch,0,-5,"6,0",,,OnkelSchosch1,4,Schizo85,0,-5,"19,0",,,Schizo851,4,Daladies81,0,-5,"25,0",,,Daladies811,4,bCid_de,0,-5,"22,0",,,bCid_de1,4,AnthonySambini,0,-10,"27,0",,"1,0",AnthonySambini,4,weltrat111,0,-5,"25,0",,,weltrat1111,4,TheGreatest1990,0,-20,"46,0",,"1,0",TheGreatest1990,4,xot16,0,-10,"34,0",,"1,0",,4,Daladies81,0,-5,"6,0",,,Daladies811,4,AnthonySambini,0,-5,"19,0",,,AnthonySambini,4,FG1983000,0,-10,"27,0",,,FG19830001,4,FG1983000,0,-5,"19,0",,,FG19830001,4,FG1983000,0,-10,"16,5",,"1,0",FG19830001,4,Ilse Macket,0,-5,"25,0",,,Ilse Macket,4,Bronski0714,0,-5,"6,5",,,Bronski07141,4,ackb4r,0,-10,"20,0",,"1,0",ackb4r1,4,cyprezz,0,-5,"16,0",,,cyprezz1,4,chmulchu,0,-5,"13,0",,,chmulchu1,4,Ilse Macket,0,-5,"31,0",,,Ilse Macket,4,xot16,0,-5,"17,5",,,xot161,4,Daladies81,0,-5,"25,0",,,Daladies811,4,AnthonySambini,0,-5,"7,0",,,AnthonySambini,4,chmulchu,0,-5,"5,5",,,chmulchu1,4,Daladies81,0,-5,"5,5",,,Daladies811,4,AnthonySambini,0,-5,"7,0",,,,4,chmulchu,0,-5,"5,5",,,,4,Daladies81,0,-5,"5,5",,,
5,BennyTillHansen,,,,,,,5,TheGreatest1990,0,-5,"36,4",,"1,0",TheGreatest1990,5,Daladies81,0,-5,"16,1",,,Daladies81,5,Xinaj,0,-10,"20,6",,,Xinaj,,xot16,,,,,,,5,Xinaj,0,-5,"13,2",,,Xinaj,,AnthonySambini,,,,,,,5,Daladies81,0,-5,"16,1",,,Daladies81,5,TheGreatest1990,0,-5,"21,9",,,TheGreatest1990,5,TheGreatest1990,,,,,,,,Kasule069,,,,,,,5,Kasule069,0,-10,"47,8",,"1,0",Kasule069,5,AnthonySambini,0,-3,"14,3",,,AnthonySambini,5,ahfmuh,0,-5,"19,0",,,ahfmuh,5,Skill&Tens,0,-3,"4,2",,,Skill&Tens,5,xot16,0,-5,"6,3",,,xot16,5,TheGreatest1990 ,0,-3,"4,9",,,TheGreatest1990 ,5,bCid_de,0,-3,"14,3",,,bCid_de,5,Globetrotter94,0,-3,"4,9",,,Globetrotter94,5,Weltrat111,0,-5,"16,1",,,Weltrat111,5,Weltrat111,0,-5,"35,8",,,Weltrat111,5,OnkelSchosch,0,-5,"13,2",,,OnkelSchosch,5,dermörder,0,-5,"21,9",,,dermörder,5,Bronski0714,0,-3,"3,9",,,Bronski0714,5,FG1983000,0,-3,"17,0",,,FG1983000,5,bCid_de,0,-20,"86,8",,1,bCid_de,5,dermörder,0,-5,"36,4",,,dermörder,5,AnthonySambini,0,-5,"48,0",,,AnthonySambini,5,weltrat111,0,-3,"19,7",,,weltrat111,5,OnkelSchosch,0,-3,"14,3",,,OnkelSchosch,5,weltrat111,0,-5,"19,0",,,weltrat111,5,dermörder,0,-5,"27,7",,,dermörder,5,AnthonySambini,0,-5,"13,2",,,AnthonySambini,5,AnthonySambini,0,-5,"13,2",,,AnthonySambini,5,Daladies81,0,-5,"16,1",,,Daladies811,,bCid_de,,,,,,,5,bCid_de,0,-10,"44,4",,"1,0",bCid_de1,5,xot16,0,-5,"16,1",,,xot161,5,Daladies81,,-5,,,,Daladies811,5,OnkelSchosch,0,-11,"17,2",,,OnkelSchosch1,5,dermörder,0,-5,"5,4",,,dermörder1,5,OnkelSchosch,0,-5,"16,1",,,OnkelSchosch1,5,OnkelSchosch,0,-5,"21,9",,,OnkelSchosch1,5,dermörder,0,-5,"19,0",,,dermörder1,5,bCid_de,0,-10,"24,0",,1,bCid_de1,5,AnthonySambini,0,-5,"21,9",,,AnthonySambini1,5,Daladies81,0,-20,"42,8",,1,Daladies811,5,AnthonySambini,0,-10,"30,8",,1,,5,dermörder,0,-5,"5,4",,,dermörder1,5,xinaj ,0,-5,"16,1",,,xinaj1,5,Schizo85,0,-10,"24,0",,,Schizo851,5,Daladies81,0,-5,"16,1",,,Daladies811,5,AnthonySambini,0,-10,"9,8",,1,AnthonySambini1,5,cyprezz,0,-5,"21,9",,,cyprezz1,5,Daladies81,0,-5,"5,9",,,Daladies811,5,bCid_de,0,-10,"17,2",,1,bCid_de1,5,dermörder,0,-5,"13,2",,,dermörder1,5,dermörder,0,-5,"6,3",,,dermörder1,5,weltrat111,0,-5,"27,7",,,weltrat1111,5,dermörder,0,-5,"14,4",,,dermörder1,5,Bronski0714,0,-5,"21,9",,,Bronski07141,5,xot16,0,-5,"6,2",,,xot161,,dermörder,,,,,,,,dermörder,,,,,,,5,xot16,0,-5,"6,2",,,,,dermörder,,,,,,,,dermörder,,,,,,
6,Kaikeymaster1,,,,,,,6,AnthonySambini,0,-5,"33,3",,"1,0",AnthonySambini,6,Weltrat111,0,-5,"7,5",,,Weltrat111,6,xot16,0,-10,"12,0",,,xot16,,Kaikeymaster1,,,,,,,6,MaxOwaR111,0,-5,"6,7",,,MaxOwaR111,,Ilse Macket,,,,,,,6,Dschannien,0,-5,"7,5",,,Dschannien,6,Kaikeymaster1,0,-5,"19,2",,,Kaikeymaster1,6,Kaikeymaster1,,,,,,,,TheGreatest1990,,,,,,,6,Isachen185,0,-10,"44,7",,"1,0",Isachen185,6,xinaj ,0,-3,"5,7",,,xinaj ,6,Daladies81,0,-5,"16,3",,,Daladies81,,xot16,,,,,,,6,AnthonySambini,0,-5,"5,8",,,AnthonySambini,,xinaj ,,,,,,,6,dermörder,0,-3,"5,7",,,dermörder,6,TheGreatest1990 ,0,-3,"4,4",,,TheGreatest1990 ,6,Bronski0714,0,-5,"7,5",,,Bronski0714,6,AnthonySambini,0,-5,"32,7",,,AnthonySambini,6,AnthonySambini,0,-5,"6,7",,,AnthonySambini,6,AnthonySambini,0,-5,"19,2",,,AnthonySambini,,OnkelSchosch,,,,,,,6,dermörder,0,-3,"14,3",,,dermörder,6,xinaj ,0,-20,"83,3",,1,xinaj ,6,Bronski0714,0,-5,"33,3",,,Bronski0714,6,OnkelSchosch,0,-5,"44,7",,,OnkelSchosch,6,RomanReuberson,0,-3,"17,0",,,RomanReuberson,6,Bronski0714,0,-3,"5,7",,,Bronski0714,6,AnthonySambini,0,-5,"16,3",,,AnthonySambini,6,Daladies81,0,-5,"24,8",,,Daladies81,6,Daladies81,0,-5,"6,7",,,Daladies81,6,Daladies81,0,-5,"6,7",,,Daladies81,6,Bronski0714,0,-5,"7,5",,,Bronski07141,,Bronski0714,,,,,,,6,weltrat111,0,-10,"41,3",,"1,0",weltrat1111,6,bCid_de,0,-5,"7,5",,,bCid_de1,6,AnthonySambini,,-5,,,,AnthonySambini,,Ilse Macket,,,,,,,,Ilse Macket,,,,,,,6,AnthonySambini,,,,,,AnthonySambini1,6,AnthonySambini,0,-5,"19,2",,,AnthonySambini1,6,Bronski0714,0,-5,"16,3",,,Bronski07141,6,Daladies81,0,-10,"21,3",,1,Daladies811,6,OnkelSchosch,0,-5,"19,2",,,OnkelSchosch1,6,ackb4r,0,-20,"40,0",,1,ackb4r1,6,Artie van Delay,0,-10,"28,0",,1,,6,AnthonySambini,0,-5,"5,0",,,AnthonySambini1,6,OnkelSchosch,0,-5,"7,5",,,OnkelSchosch1,6,xot16,0,-10,"21,3",,,xot161,6,xot16,0,-5,"7,5",,,xot161,6,OnkelSchosch,0,-10,"9,3",,1,OnkelSchosch1,6,Schizo85,0,-5,"19,2",,,Schizo851,6,dermörder,0,-5,"5,5",,,dermörder1,6,Daladies81,0,-10,"10,7",,1,Daladies811,6,ackb4r,0,-5,"6,7",,,ackb4r1,6,OnkelSchosch,0,-5,"5,8",,,OnkelSchosch1,6,dermörder,0,-5,"24,8",,,dermörder1,6,cyprezz,0,-5,"7,7",,,cyprezz1,6,xot16,0,-5,"19,2",,,xot161,,cyprezz,,,,,,,,AnthonySambini,,,,,,,,AnthonySambini,,,,,,,,cyprezz,,,,,,,,AnthonySambini,,,,,,,,AnthonySambini,,,,,,
,OnkelSchosch,,,,,,,7,Dschannien,0,-5,"30,6",,"1,0",Dschannien,7,Skill&Tens,0,-5,"7,1",,,Skill&Tens,7,Kaikeymaster1,0,-10,"11,6",,,Kaikeymaster1,,BennyTillHansen,,,,,,,,xot16,,,,,,,,xot16,,,,,,,7,dermörder,0,-5,"7,1",,,dermörder,7,Skill&Tens,0,-5,"16,6",,,Skill&Tens,7,Skill&Tens,,,,,,,,Kaikeymaster1,,,,,,,7,Gereul,0,-10,"41,9",,"1,0",Gereul,7,bCid_de,0,-3,"5,3",,,bCid_de,7,Skill&Tens,0,-5,"7,9",,,Skill&Tens,,bCid_de,,,,,,,7,ahfmuh,0,-5,"5,5",,,ahfmuh,,ahfmuh,,,,,,,7,Daladies81,0,-3,"5,3",,,Daladies81,7,Weltrat111,0,-3,"4,1",,,Weltrat111,7,Daladies81,0,-5,"7,1",,,Daladies81,7,Daladies81,0,-5,"29,9",,,Daladies81,,Skill&Tens,,,,,,,7,Schizo85,0,-5,"16,6",,,Schizo85,,Skill&Tens,,,,,,,7,bCid_de,0,-3,"5,9",,,bCid_de,7,RomanReuberson,0,-20,"80,3",,1,RomanReuberson,7,RomanReuberson,0,-5,"30,6",,,RomanReuberson,7,RomanReuberson,0,-5,"41,7",,,RomanReuberson,,bCid_de,,,,,,,7,AnthonySambini,0,-3,"5,3",,,AnthonySambini,,FG1983000,,,,,,,7,bCid_de,0,-5,"22,2",,,bCid_de,7,Globetrotter94,0,-5,"6,3",,,Globetrotter94,7,Schizo85,0,-5,"6,3",,,Schizo85,,bCid_de,,,,,,,,AnthonySambini,,,,,,,7,Ilse Macket,0,-10,"38,6",,"1,0",Ilse Macket,7,Schizo85,0,-5,"7,1",,,Schizo851,7,OnkelSchosch,,-5,,,,OnkelSchosch1,,bCid_de,,,,,,,,bCid_de,,,,,,,7,dermörder,,,,,,dermörder1,7,Schizo85,0,-5,"16,6",,,Schizo851,7,OnkelSchosch,0,-5,"7,9",,,OnkelSchosch1,,TheGreatest1990 ,,,,,,,7,FG1983000,0,-5,"16,6",,,FG19830001,7,AnthonySambini,0,-20,"37,4",,1,AnthonySambini1,7,FG1983000,0,-10,"25,4",,1,,,Schizo85,,,,,,,7,xot16,0,-5,"7,1",,,xot161,,Ilse Macket,,,,,,,,Ilse Macket,,,,,,,7,Schizo85,0,-10,"9,0",,1,Schizo851,7,FG1983000,0,-5,"16,6",,,FG19830001,,cyprezz,,,,,,,7,OnkelSchosch,0,-10,"10,3",,1,OnkelSchosch1,7,weltrat111,0,-5,"6,3",,,weltrat1111,,AnthonySambini,,,,,,,7,Daladies81,0,-5,"22,2",,,Daladies811,7,Ilse Macket,0,-5,"7,1",,,Ilse Macket,7,OnkelSchosch,0,-5,"16,6",,,OnkelSchosch1,,Ilse Macket,,,,,,,,xot16,,,,,,,,xot16,,,,,,,,Ilse Macket,,,,,,,,xot16,,,,,,,,xot16,,,,,,
,bCid_de,,,,,,,8,Artie van Delay,0,-5,"28,0",,"1,0",Artie van Delay,8,AnthonySambini,0,-5,"6,8",,,AnthonySambini,8,Daladies81,0,-10,"11,3",,,Daladies81,,Dschannien,,,,,,,,Kaikeymaster1,,,,,,,,Kaikeymaster1,,,,,,,8,AnthonySambini,0,-5,"6,8",,,AnthonySambini,8,BennyTillHansen,0,-5,"8,3",,,BennyTillHansen,8,BennyTillHansen,,,,,,,,Skill&Tens,,,,,,,8,ahfmuh,0,-10,"39,3",,"1,0",ahfmuh,8,Skill&Tens,0,-3,"5,0",,,Skill&Tens,8,TheGreatest1990,0,-5,"7,5",,,TheGreatest1990,,xinaj ,,,,,,,,Ilse Macket,,,,,,,,Ilse Macket,,,,,,,8,AnthonySambini,0,-3,"5,0",,,AnthonySambini,8,bCid_de,0,-3,"3,9",,,bCid_de,8,Skill&Tens,0,-5,"6,8",,,Skill&Tens,8,Bronski0714,0,-5,"27,3",,,Bronski0714,,Weltrat111,,,,,,,8,OnkelSchosch,0,-5,"8,3",,,OnkelSchosch,,dermörder,,,,,,,8,AnthonySambini,0,-3,"5,5",,,AnthonySambini,8,Bronski0714,0,-20,"77,5",,1,Bronski0714,8,Schizo85,0,-5,"28,0",,,Schizo85,8,FG1983000,0,-5,"39,0",,,FG1983000,,dermörder,,,,,,,,FG1983000,,,,,,,,RomanReuberson,,,,,,,8,weltrat111,0,-5,"19,8",,,weltrat111,8,Schizo85,0,-5,"6,0",,,Schizo85,8,Globetrotter94,0,-5,"6,0",,,Globetrotter94,,AnthonySambini,,,,,,,,Schizo85,,,,,,,8,xot16,0,-10,"36,0",,"1,0",xot161,8,dermörder,0,-5,"6,8",,,dermörder1,,Ilse Macket,,,,,,,,Bronski0714,,,,,,,,Bronski0714,,,,,,,,Ilse Macket,,,,,,,,Ilse Macket,,,,,,,8,AnthonySambini,0,-5,"7,5",,,AnthonySambini1,,dermörder,,,,,,,8,bCid_de,0,-5,"8,3",,,bCid_de11,8,FG1983000,0,-20,"27,0",,1,FG19830001,8,dermörder,0,-10,"15,0",,1,,,Artie van Delay,,,,,,,8,dermörder,0,-5,"6,8",,,dermörder1,,AnthonySambini,,,,,,,,ahfmuh,,,,,,,,dermörder,,,,,,,,dermörder,,,,,,,,Schizo85,,,,,,,8,Globetrotter94,0,-10,"10,0",,1,Globetrotter941,,AnthonySambini,,,,,,,,Ilse Macket,,,,,,,8,cyprezz,0,-5,"19,8",,,cyprezz,8,bCid_de,0,-5,"6,8",,,bCid_de1,8,AnthonySambini,0,-5,"8,3",,,AnthonySambini1,,bCid_de,,,,,,,,cyprezz,,,,,,,,cyprezz,,,,,,,,bCid_de,,,,,,,,cyprezz,,,,,,,,cyprezz,,,,,,
,TheGreatest1990,,,,,,,9,Kasule069,0,-5,"25,6",,"1,0",Kasule069,9,xot16,0,-5,"6,5",,,xot16,9,AnthonySambini,0,-10,"11,0",,,AnthonySambini,,Artie van Delay,,,,,,,,BennyTillHansen,,,,,,,,BennyTillHansen,,,,,,,9,TheGreatest1990,0,-5,"6,5",,,TheGreatest1990,9,FG1983000,,,,,,,9,FG1983000,,,,,,,,BennyTillHansen,,,,,,,9,AnthonySambini,0,-10,"36,8",,"1,0",AnthonySambini,,Weltrat111,,,,,,,9,AnthonySambini,0,-5,"7,2",,,AnthonySambini,,ahfmuh,,,,,,,,Skill&Tens,,,,,,,,Skill&Tens,,,,,,,9,Weltrat111,0,-3,"4,7",,,Weltrat111,,xot16,,,,,,,9,OnkelSchosch,0,-5,"6,5",,,OnkelSchosch,9,TheGreatest1990 ,0,-5,"24,8",,,TheGreatest1990 ,,Bronski0714,,,,,,,,Skill&Tens,,,,,,,,Weltrat111,,,,,,,,Ilse Macket,,,,,,,9,TheGreatest1990 ,0,-20,"74,9",,1,TheGreatest1990 ,9,xot16,0,-5,"25,6",,,xot16,,bCid_de,,,,,,,,Bronski0714,,,,,,,,RomanReuberson,,,,,,,,bCid_de,,,,,,,9,Dschannien,0,-5,"9,4",,,Dschannien,,weltrat111,,,,,,,,weltrat111,,,,,,,,Schizo85,,,,,,,,Globetrotter94,,,,,,,9,FG1983000,0,-10,"33,6",,"1,0",FG19830001,,Ilse Macket,,,,,,,,Bronski0714,,,,,,,,Globetrotter94,,,,,,,,Globetrotter94,,,,,,,,bCid_de,,,,,,,,Bronski0714,,,,,,,9,Schizo85,0,-5,"7,2",,,Schizo851,,Bronski0714,,,,,,,,TheGreatest1990 ,,,,,,,9,ahfmuh,0,-20,"26,7",,1,ahfmuh1,9,ackb4r,0,-10,"14,7",,1,,,weltrat111,,,,,,,,Schizo85,,,,,,,,Artie van Delay,,,,,,,,AnthonySambini,,,,,,,,xot16,,,,,,,,xot16,,,,,,,,FG1983000,,,,,,,,AnthonySambini,,,,,,,,Ilse Macket,,,,,,,,cyprezz,,,,,,,9,bCid_de,0,-5,"9,4",,,bCid_de,,Bronski0714,,,,,,,,cyprezz,,,,,,,,Bronski0714,,,,,,,,Ilse Macket,,,,,,,,Ilse Macket,,,,,,,,Bronski0714,,,,,,,,Ilse Macket,,,,,,,,Ilse Macket,,,,,,
,Dschannien,,,,,,,10,FG1983000,0,-5,"23,2",,"1,0",FG1983000,,BennyTillHansen,,,,,,,,BennyTillHansen,,,,,,,,FG1983000,,,,,,,,Dschannien,,,,,,,,Dschannien,,,,,,,,ahfmuh,,,,,,,,bCid_de,,,,,,,,bCid_de,,,,,,,,bCid_de,,,,,,,10,xot16,0,-10,"34,4",,"1,0",xot16,,Ilse Macket,,,,,,,,Weltrat111,,,,,,,,TheGreatest1990 ,,,,,,,,bCid_de,,,,,,,,bCid_de,,,,,,,,xot16,,,,,,,,Kasule069 ,,,,,,,,Globetrotter94,,,,,,,,Globetrotter94,,,,,,,,TheGreatest1990 ,,,,,,,,Weltrat111,,,,,,,,TheGreatest1990 ,,,,,,,,Bronski0714,,,,,,,10,ahfmuh,0,-20,"72,4",,1,ahfmuh,,OnkelSchosch,,,,,,,,Bronski0714,,,,,,,,Schizo85,,,,,,,,bCid_de,,,,,,,,Bronski0714,,,,,,,,Bronski0714,,,,,,,,FG1983000,,,,,,,,FG1983000,,,,,,,,Globetrotter94,,,,,,,,weltrat111,,,,,,,10,BennyTillHansen,0,-10,"31,2",,"1,0",BennyTillHansen1,,Bronski0714,,,,,,,,Globetrotter94,,,,,,,,weltrat111,,,,,,,,weltrat111,,,,,,,,Bronski0714,,,,,,,,Globetrotter94,,,,,,,,simon31791,,,,,,,,simon31791,,,,,,,,dermörder,,,,,,,10,Ilse Macket,0,-20,"26,4",,1,Ilse Macket,,Schizo85,,,,,,,,bCid_de,,,,,,,,Artie van Delay,,,,,,,,weltrat111,,,,,,,,xinaj ,,,,,,,,Artie van Delay,,,,,,,,ahfmuh,,,,,,,,xot16,,,,,,,,Ilse Macket,,,,,,,,Bronski0714,,,,,,,,Schizo85,,,,,,,10,xot16,0,-5,"9,1",,,xot16,,chmulchu,,,,,,,,Ilse Macket,,,,,,,,chmulchu,,,,,,,,bCid_de,,,,,,,,bCid_de,,,,,,,,chmulchu,,,,,,,,bCid_de,,,,,,,,bCid_de,,,,,,
,Artie van Delay,,,,,,,11,Weltrat111,0,-5,"10,9",,"1,0",Weltrat111,,Kaikeymaster1,,,,,,,,Dschannien,,,,,,,,Bronski0714,,,,,,,,Artie van Delay,,,,,,,,Artie van Delay,,,,,,,,Xinaj,,,,,,,,OnkelSchosch,,,,,,,,OnkelSchosch,,,,,,,,OnkelSchosch,,,,,,,11,bCid_de,0,-10,"32,1",,"1,0",bCid_de,,Artie van Delay,,,,,,,,Ilse Macket,,,,,,,,Weltrat111,,,,,,,,Weltrat111,,,,,,,,Weltrat111,,,,,,,,Kasule069 ,,,,,,,,xinaj ,,,,,,,,bCid_de,,,,,,,,bCid_de,,,,,,,,Globetrotter94,,,,,,,,Globetrotter94,,,,,,,,Globetrotter94,,,,,,,,Skill&Tens,,,,,,,11,weltrat111,0,-20,"70,0",,1,weltrat111,,FG1983000,,,,,,,,Schizo85,,,,,,,,xot16,,,,,,,,xot16,,,,,,,,xot16,,,,,,,,Globetrotter94,,,,,,,,RomanReuberson,,,,,,,,RomanReuberson,,,,,,,,FG1983000,,,,,,,,FG1983000,,,,,,,11,AnthonySambini,0,-10,"18,9",,"1,0",AnthonySambini1,,Globetrotter94,,,,,,,,weltrat111,,,,,,,,FG1983000,,,,,,,,FG1983000,,,,,,,,Globetrotter94,,,,,,,,weltrat111,,,,,,,,Ilse Macket,,,,,,,,Ilse Macket,,,,,,,,Bronski0714,,,,,,,11,simon31791,0,-20,"26,2",,1,simon317911,,weltrat111,,,,,,,,TheGreatest1990 ,,,,,,,,weltrat111,,,,,,,,bCid_de,,,,,,,,Artie van Delay,,,,,,,,weltrat111,,,,,,,,xinaj ,,,,,,,,ahfmuh,,,,,,,,Bronski0714,,,,,,,,Schizo85,,,,,,,,FG1983000,,,,,,,,Bronski0714,,,,,,,,Schizo85,,,,,,,,bCid_de,,,,,,,,Schizo85,,,,,,,,Bronski0714,,,,,,,,Bronski0714,,,,,,,,Schizo85,,,,,,,,Bronski0714,,,,,,,,Bronski0714,,,,,,
,Kasule069,,,,,,,12,Bronski0714,0,-5,"10,7",,"1,0",Bronski0714,,TheGreatest1990,,,,,,,,Artie van Delay,,,,,,,,bCid_de,,,,,,,,FG1983000,,,,,,,,FG1983000,,,,,,,,MaxOwaR111,,,,,,,,Kasule069,,,,,,,,Kasule069,,,,,,,,Gereul,,,,,,,12,simon31791,0,-10,"19,8",,"1,0",simon31791,,Isachen185,,,,,,,,Artie van Delay,,,,,,,,Artie van Delay,,,,,,,,Artie van Delay,,,,,,,,Artie van Delay,,,,,,,,xinaj ,,,,,,,,ahfmuh,,,,,,,,xot16,,,,,,,,xot16,,,,,,,,bCid_de,,,,,,,,bCid_de,,,,,,,,bCid_de,,,,,,,,TheGreatest1990 ,,,,,,,12,Schizo85,0,-20,"67,7",,1,Schizo85,,Ilse Macket,,,,,,,,xot16,,,,,,,,Ilse Macket,,,,,,,,Ilse Macket,,,,,,,,Ilse Macket,,,,,,,,FG1983000,,,,,,,,xot16,,,,,,,,xot16,,,,,,,,RomanReuberson,,,,,,,,RomanReuberson,,,,,,,12,dermörder,0,-10,"18,7",,"1,0",dermörder1,,weltrat111,,,,,,,,FG1983000,,,,,,,,RomanReuberson,,,,,,,,RomanReuberson,,,,,,,,weltrat111,,,,,,,,RomanReuberson,,,,,,,,Globetrotter94,,,,,,,,Globetrotter94,,,,,,,,simon31791,,,,,,,,Schizo85,,,,,,,,bCid_de,,,,,,,,Bronski0714,,,,,,,,bCid_de,,,,,,,,TheGreatest1990 ,,,,,,,,weltrat111,,,,,,,,bCid_de,,,,,,,,Artie van Delay,,,,,,,,xinaj ,,,,,,,,Schizo85,,,,,,,,FG1983000,,,,,,,,xot16,,,,,,,,chmulchu,,,,,,,,FG1983000,,,,,,,,chmulchu,,,,,,,,FG1983000,,,,,,,,Schizo85,,,,,,,,Schizo85,,,,,,,,FG1983000,,,,,,,,Schizo85,,,,,,,,Schizo85,,,,,,
,FG1983000,,,,,,,13,xot16,0,-5,"10,5",,"1,0",xot16,,Dschannien,,,,,,,,FG1983000,,,,,,,,OnkelSchosch,,,,,,,,Bronski0714,,,,,,,,Bronski0714,,,,,,,,Ilse Macket,,,,,,,,Gereul,,,,,,,,Gereul,,,,,,,,Artie van Delay,,,,,,,13,TheGreatest1990,0,-10,"19,6",,"1,0",TheGreatest1990,,Gereul,,,,,,,,Isachen185,,,,,,,,Isachen185,,,,,,,,Isachen185,,,,,,,,Isachen185,,,,,,,,ahfmuh,,,,,,,,Ilse Macket,,,,,,,,Kasule069 ,,,,,,,,Kasule069 ,,,,,,,,xot16,,,,,,,,xot16,,,,,,,,xot16,,,,,,,,Globetrotter94,,,,,,,13,dermörder,0,-20,"65,4",,1,dermörder,,Skill&Tens,,,,,,,,Ilse Macket,,,,,,,,Skill&Tens,,,,,,,,Skill&Tens,,,,,,,,Skill&Tens,,,,,,,,RomanReuberson,,,,,,,,Ilse Macket,,,,,,,,Ilse Macket,,,,,,,,Ilse Macket,,,,,,,,xot16,,,,,,,13,TheGreatest1990,0,-10,"18,5",,"1,0",TheGreatest1990,,RomanReuberson,,,,,,,,RomanReuberson,,,,,,,,xot16,,,,,,,,xot16,,,,,,,,RomanReuberson,,,,,,,,xot16,,,,,,,,weltrat111,,,,,,,,weltrat111,,,,,,,,IlseMacket,,,,,,,,bCid_de,,,,,,,,TheGreatest1990,,,,,,,,simon31791,,,,,,,,TheGreatest1990,,,,,,,,Bronski0714,,,,,,,,bCid_de,,,,,,,,TheGreatest1990,,,,,,,,weltrat111,,,,,,,,Artie van Delay,,,,,,,,FG1983000,,,,,,,,xot16,,,,,,,,ahfmuh,,,,,,,,Schizo85,,,,,,,,ahfmuh,,,,,,,,Schizo85,,,,,,,,ahfmuh,,,,,,,,FG1983000,,,,,,,,FG1983000,,,,,,,,ahfmuh,,,,,,,,FG1983000,,,,,,,,FG1983000,,,,,,
,xot16,,,,,,,14,IlseMacket,0,-5,"10,3",,"1,0",IlseMacket,,Artie van Delay,,,,,,,,Bronski0714,,,,,,,,Weltrat111,,,,,,,,bCid_de,,,,,,,,bCid_de,,,,,,,,xot16,,,,,,,,Artie van Delay,,,,,,,,Artie van Delay,,,,,,,,Isachen185,,,,,,,14,OnkelSchosch,0,-10,"19,4",,"1,0",OnkelSchosch,,ahfmuh,,,,,,,,Gereul,,,,,,,,Gereul,,,,,,,,Gereul,,,,,,,,Gereul,,,,,,,,Ilse Macket,,,,,,,,Skill&Tens,,,,,,,,xinaj ,,,,,,,,xinaj ,,,,,,,,Kasule069 ,,,,,,,,Kasule069 ,,,,,,,,Kasule069 ,,,,,,,,xot16,,,,,,,14,OnkelSchosch,0,-20,"63,1",,1,OnkelSchosch,,TheGreatest1990,,,,,,,,Skill&Tens,,,,,,,,TheGreatest1990,,,,,,,,TheGreatest1990,,,,,,,,TheGreatest1990,,,,,,,,xot16,,,,,,,,Skill&Tens,,,,,,,,Skill&Tens,,,,,,,,Skill&Tens,,,,,,,,Skill&Tens,,,,,,,,Bronski0714,,,,,,,,Skill&Tens,,,,,,,,xot16,,,,,,,,Skill&Tens,,,,,,,,Skill&Tens,,,,,,,,xot16,,,,,,,,Skill&Tens,,,,,,,,RomanReuberson,,,,,,,,RomanReuberson,,,,,,,,Globetrotter94,,,,,,,,Bronski0714,,,,,,,,Bronski0714,,,,,,,,Globetrotter94,,,,,,,,Bronski0714,,,,,,,,simon31791,,,,,,,,TheGreatest1990,,,,,,,,Bronski0714,,,,,,,,bCid_de,,,,,,,,weltrat111,,,,,,,,xot16,,,,,,,,ahfmuh,,,,,,,,xinaj ,,,,,,,,FG1983000,,,,,,,,xinaj ,,,,,,,,FG1983000,,,,,,,,xinaj ,,,,,,,,ahfmuh,,,,,,,,ahfmuh,,,,,,,,xinaj ,,,,,,,,ahfmuh,,,,,,,,ahfmuh,,,,,,
,IlseMacket,,,,,,,15,Daladies81,0,-5,"10,1",,"1,0",Daladies81,,FG1983000,,,,,,,,Ilse Macket,,,,,,,,TheGreatest1990,,,,,,,,OnkelSchosch,,,,,,,,OnkelSchosch,,,,,,,,Kaikeymaster1,,,,,,,,Isachen185,,,,,,,,Isachen185,,,,,,,,dermörder,,,,,,,15,FG1983000,0,-10,"19,3",,"1,0",FG1983000,,simon31791,,,,,,,,simon31791,,,,,,,,simon31791,,,,,,,,simon31791,,,,,,,,simon31791,,,,,,,,Skill&Tens,,,,,,,,Artie van Delay,,,,,,,,ahfmuh,,,,,,,,ahfmuh,,,,,,,,xinaj ,,,,,,,,xinaj ,,,,,,,,xinaj ,,,,,,,,Kasule069 ,,,,,,,15,simon31791,0,-20,"46,9",,1,simon31791,,Globetrotter94,,,,,,,,Globetrotter94,,,,,,,,Globetrotter94,,,,,,,,Globetrotter94,,,,,,,,Globetrotter94,,,,,,,,Ilse Macket,,,,,,,,TheGreatest1990,,,,,,,,TheGreatest1990,,,,,,,,TheGreatest1990,,,,,,,,TheGreatest1990,,,,,,,,Globetrotter94,,,,,,,,TheGreatest1990,,,,,,,,TheGreatest1990,,,,,,,,TheGreatest1990,,,,,,,,TheGreatest1990,,,,,,,,Skill&Tens,,,,,,,,TheGreatest1990,,,,,,,,xot16,,,,,,,,xot16,,,,,,,,RomanReuberson,,,,,,,,Globetrotter94,,,,,,,,simon31791,,,,,,,,RomanReuberson,,,,,,,,simon31791,,,,,,,,Globetrotter94,,,,,,,,Bronski0714,,,,,,,,simon31791,,,,,,,,TheGreatest1990 ,,,,,,,,bCid_de,,,,,,,,ahfmuh,,,,,,,,xinaj ,,,,,,,,Artie van Delay,,,,,,,,ahfmuh,,,,,,,,Artie van Delay,,,,,,,,ahfmuh,,,,,,,,Artie van Delay,,,,,,,,xinaj ,,,,,,,,xinaj ,,,,,,,,Artie van Delay,,,,,,,,xinaj ,,,,,,,,xinaj ,,,,,,
,Skill&Tens,,,,,,,16,Skill&Tens,0,-5,"10,0",,"1,0",Skill&Tens,,Bronski0714,,,,,,,,OnkelSchosch,,,,,,,,Skill&Tens,,,,,,,,Weltrat111,,,,,,,,Weltrat111,,,,,,,,BennyTillHansen,,,,,,,,Dschannien,,,,,,,,Dschannien,,,,,,,,ahfmuh,,,,,,,16,Bronski0714,0,-10,"19,1",,"1,0",Bronski0714,,OnkelSchosch,,,,,,,,OnkelSchosch,,,,,,,,OnkelSchosch,,,,,,,,OnkelSchosch,,,,,,,,OnkelSchosch,,,,,,,,Artie van Delay,,,,,,,,Isachen185,,,,,,,,Ilse Macket,,,,,,,,Ilse Macket,,,,,,,,ahfmuh,,,,,,,,ahfmuh,,,,,,,,ahfmuh,,,,,,,,xinaj ,,,,,,,16,Daladies81,0,-20,"46,8",,1,Daladies81,,Kasule069 ,,,,,,,,Kasule069 ,,,,,,,,Kasule069 ,,,,,,,,Kasule069 ,,,,,,,,Kasule069 ,,,,,,,,Skill&Tens,,,,,,,,Kasule069 ,,,,,,,,Kasule069 ,,,,,,,,Kasule069 ,,,,,,,,Kasule069 ,,,,,,,,RomanReuberson,,,,,,,,Kasule069 ,,,,,,,,Kasule069 ,,,,,,,,Kasule069 ,,,,,,,,Kasule069 ,,,,,,,,TheGreatest1990 ,,,,,,,,Kasule069 ,,,,,,,,Skill&Tens,,,,,,,,Skill&Tens,,,,,,,,xot16,,,,,,,,weltrat111,,,,,,,,Globetrotter94,,,,,,,,Skill&Tens,,,,,,,,Globetrotter94,,,,,,,,RomanReuberson,,,,,,,,simon31791,,,,,,,,Globetrotter94,,,,,,,,Bronski0714,,,,,,,,TheGreatest1990 ,,,,,,,,xinaj ,,,,,,,,Artie van Delay,,,,,,,,weltrat111,,,,,,,,xinaj ,,,,,,,,weltrat111,,,,,,,,Artie van Delay,,,,,,,,weltrat111,,,,,,,,Artie van Delay,,,,,,,,Artie van Delay,,,,,,,,weltrat111,,,,,,,,Artie van Delay,,,,,,,,Artie van Delay,,,,,,
,Xinaj,,,,,,,,Xinaj,,,,,,,,Xinaj,,,,,,,,Kasule069,,,,,,,,Kasule069,,,,,,,,TheGreatest1990,,,,,,,,TheGreatest1990,,,,,,,,FG1983000,,,,,,,,dermörder,,,,,,,,dermörder,,,,,,,,Xinaj,,,,,,,,Dschannien,,,,,,,,FG1983000,,,,,,,,FG1983000,,,,,,,,FG1983000,,,,,,,,FG1983000,,,,,,,,FG1983000,,,,,,,,Isachen185,,,,,,,,Gereul,,,,,,,,Artie van Delay,,,,,,,,Artie van Delay,,,,,,,,Ilse Macket,,,,,,,,Ilse Macket,,,,,,,,Artie van Delay,,,,,,,,ahfmuh,,,,,,,17,Sascha71189,0,-20,"46,6",,1,Sascha71189,,xinaj ,,,,,,,,xinaj ,,,,,,,,xinaj ,,,,,,,,xinaj ,,,,,,,,xinaj ,,,,,,,,TheGreatest1990 ,,,,,,,,xinaj ,,,,,,,,xinaj ,,,,,,,,xinaj ,,,,,,,,xinaj ,,,,,,,,Kasule069 ,,,,,,,,xinaj ,,,,,,,,xinaj ,,,,,,,,xinaj ,,,,,,,,xinaj ,,,,,,,,Kasule069 ,,,,,,,,xinaj ,,,,,,,,Kasule069 ,,,,,,,,Kasule069 ,,,,,,,,Skill&Tens,,,,,,,,RomanReuberson,,,,,,,,RomanReuberson,,,,,,,,Kasule069 ,,,,,,,,RomanReuberson,,,,,,,,Skill&Tens,,,,,,,,Globetrotter94,,,,,,,,RomanReuberson,,,,,,,,simon31791,,,,,,,,simon31791,,,,,,,,Artie van Delay,,,,,,,,TheGreatest1990 ,,,,,,,,TheGreatest1990 ,,,,,,,,Artie van Delay,,,,,,,,TheGreatest1990 ,,,,,,,,weltrat111,,,,,,,,TheGreatest1990 ,,,,,,,,TheGreatest1990 ,,,,,,,,TheGreatest1990,,,,,,,,TheGreatest1990,,,,,,,,TheGreatest1990,,,,,,,,TheGreatest1990,,,,,,
,ahfmuh,,,,,,,,ahfmuh,,,,,,,,ahfmuh,,,,,,,,ahfmuh,,,,,,,,ahfmuh,,,,,,,,Skill&Tens,,,,,,,,Skill&Tens,,,,,,,,Bronski0714,,,,,,,,ahfmuh,,,,,,,,ahfmuh,,,,,,,,MaxOwaR111,,,,,,,,Kaikeymaster1,,,,,,,,Bronski0714,,,,,,,,Bronski0714,,,,,,,,Bronski0714,,,,,,,,Bronski0714,,,,,,,,Bronski0714,,,,,,,,Gereul,,,,,,,,simon31791,,,,,,,,Isachen185,,,,,,,,Isachen185,,,,,,,,Artie van Delay,,,,,,,,Artie van Delay,,,,,,,,Isachen185,,,,,,,,Artie van Delay,,,,,,,18,cyprezz,0,-20,"46,4",,1,cyprezz,,ahfmuh,,,,,,,,ahfmuh,,,,,,,,ahfmuh,,,,,,,,ahfmuh,,,,,,,,ahfmuh,,,,,,,,Kasule069 ,,,,,,,,ahfmuh,,,,,,,,ahfmuh,,,,,,,,ahfmuh,,,,,,,,ahfmuh,,,,,,,,xinaj ,,,,,,,,ahfmuh,,,,,,,,ahfmuh,,,,,,,,ahfmuh,,,,,,,,ahfmuh,,,,,,,,xinaj ,,,,,,,,ahfmuh,,,,,,,,xinaj ,,,,,,,,xinaj ,,,,,,,,Kasule069 ,,,,,,,,Skill&Tens,,,,,,,,Skill&Tens,,,,,,,,xinaj ,,,,,,,,Skill&Tens,,,,,,,,Kasule069 ,,,,,,,,RomanReuberson,,,,,,,,Skill&Tens,,,,,,,,Globetrotter94,,,,,,,,Globetrotter94,,,,,,,,TheGreatest1990,,,,,,,,simon31791,,,,,,,,simon31791,,,,,,,,simon31791,,,,,,,,simon31791,,,,,,,,simon31791,,,,,,,,simon31791,,,,,,,,simon31791,,,,,,,,simon31791,,,,,,,,simon31791,,,,,,,,simon31791,,,,,,,,simon31791,,,,,,
,MaxOwaR111,,,,,,,,MaxOwaR111,,,,,,,,MaxOwaR111,,,,,,,,MaxOwaR111,,,,,,,,MaxOwaR111,,,,,,,,Kasule069,,,,,,,,Kasule069,,,,,,,,bCid_de,,,,,,,,Xinaj,,,,,,,,Xinaj,,,,,,,,xot16,,,,,,,,Skill&Tens,,,,,,,,Dschannien,,,,,,,,Dschannien,,,,,,,,Dschannien,,,,,,,,Dschannien,,,,,,,,Dschannien,,,,,,,,simon31791,,,,,,,,FG1983000,,,,,,,,Gereul,,,,,,,,Gereul,,,,,,,,Isachen185,,,,,,,,Isachen185,,,,,,,,Gereul,,,,,,,,Isachen185,,,,,,,,Skill&Tens,,,,,,,,Artie van Delay,,,,,,,,Artie van Delay,,,,,,,,Artie van Delay,,,,,,,,Artie van Delay,,,,,,,,Artie van Delay,,,,,,,,xinaj ,,,,,,,,Artie van Delay,,,,,,,,Artie van Delay,,,,,,,,Artie van Delay,,,,,,,,Artie van Delay,,,,,,,,ahfmuh,,,,,,,,Artie van Delay,,,,,,,,Artie van Delay,,,,,,,,Artie van Delay,,,,,,,,Artie van Delay,,,,,,,,ahfmuh,,,,,,,,Artie van Delay,,,,,,,,ahfmuh,,,,,,,,ahfmuh,,,,,,,,xinaj ,,,,,,,,Kasule069 ,,,,,,,,Kasule069 ,,,,,,,,ahfmuh,,,,,,,,Kasule069 ,,,,,,,,xinaj ,,,,,,,,Skill&Tens,,,,,,,,Kasule069 ,,,,,,,,RomanReuberson,,,,,,,,RomanReuberson,,,,,,,,simon31791,,,,,,,,Globetrotter94,,,,,,,,Globetrotter94,,,,,,,,Globetrotter94,,,,,,,,Globetrotter94,,,,,,,,Globetrotter94,,,,,,,,Globetrotter94,,,,,,,,Globetrotter94,,,,,,,,Globetrotter94,,,,,,,,Globetrotter94,,,,,,,,Globetrotter94,,,,,,,,Globetrotter94,,,,,,
,Isachen185,,,,,,,,Isachen185,,,,,,,,Isachen185,,,,,,,,Isachen185,,,,,,,,Isachen185,,,,,,,,Isachen185,,,,,,,,Isachen185,,,,,,,,OnkelSchosch,,,,,,,,MaxOwaR111,,,,,,,,MaxOwaR111,,,,,,,,simon31791,,,,,,,,BennyTillHansen,,,,,,,,Kaikeymaster1,,,,,,,,Kaikeymaster1,,,,,,,,Kaikeymaster1,,,,,,,,Kaikeymaster1,,,,,,,,Kaikeymaster1,,,,,,,,FG1983000,,,,,,,,Bronski0714,,,,,,,,simon31791,,,,,,,,simon31791,,,,,,,,Gereul,,,,,,,,Gereul,,,,,,,,simon31791,,,,,,,,Gereul,,,,,,,,Globetrotter94,,,,,,,,Isachen185,,,,,,,,Isachen185,,,,,,,,Isachen185,,,,,,,,Isachen185,,,,,,,,Isachen185,,,,,,,,ahfmuh,,,,,,,,Isachen185,,,,,,,,Isachen185,,,,,,,,Isachen185,,,,,,,,Isachen185,,,,,,,,Artie van Delay,,,,,,,,Isachen185,,,,,,,,Isachen185,,,,,,,,Isachen185,,,,,,,,Isachen185,,,,,,,,Artie van Delay,,,,,,,,Isachen185,,,,,,,,Artie van Delay,,,,,,,,Artie van Delay,,,,,,,,ahfmuh,,,,,,,,xinaj ,,,,,,,,xinaj ,,,,,,,,Isachen185,,,,,,,,Isachen185,,,,,,,,ahfmuh,,,,,,,,Kasule069 ,,,,,,,,xinaj ,,,,,,,,Skill&Tens,,,,,,,,Skill&Tens,,,,,,,,RomanReuberson,,,,,,,,RomanReuberson,,,,,,,,RomanReuberson,,,,,,,,RomanReuberson,,,,,,,,RomanReuberson,,,,,,,,RomanReuberson,,,,,,,,RomanReuberson,,,,,,,,RomanReuberson,,,,,,,,RomanReuberson,,,,,,,,RomanReuberson,,,,,,,,RomanReuberson,,,,,,,,RomanReuberson,,,,,,
,dermörder,,,,,,,,dermörder,,,,,,,,dermörder,,,,,,,,dermörder,,,,,,,,dermörder,,,,,,,,dermörder,,,,,,,,dermörder,,,,,,,,Skill&Tens,,,,,,,,Ilse Macket,,,,,,,,xot16,,,,,,,,Daladies81,,,,,,,,dermörder,,,,,,,,BennyTillHansen,,,,,,,,BennyTillHansen,,,,,,,,BennyTillHansen,,,,,,,,BennyTillHansen,,,,,,,,BennyTillHansen,,,,,,,,Bronski0714,,,,,,,,Dschannien,,,,,,,,FG1983000,,,,,,,,FG1983000,,,,,,,,simon31791,,,,,,,,simon31791,,,,,,,,FG1983000,,,,,,,,simon31791,,,,,,,,Kasule069 ,,,,,,,,Gereul,,,,,,,,Gereul,,,,,,,,Gereul,,,,,,,,Gereul,,,,,,,,Gereul,,,,,,,,Isachen185,,,,,,,,Gereul,,,,,,,,Gereul,,,,,,,,Gereul,,,,,,,,Gereul,,,,,,,,Isachen185,,,,,,,,Gereul,,,,,,,,Gereul,,,,,,,,Gereul,,,,,,,,Gereul,,,,,,,,Isachen185,,,,,,,,Gereul,,,,,,,,Isachen185,,,,,,,,Isachen185,,,,,,,,Isachen185,,,,,,,,Artie van Delay,,,,,,,,ahfmuh,,,,,,,,Gereul,,,,,,,,Gereul,,,,,,,,Isachen185,,,,,,,,Isachen185,,,,,,,,ahfmuh,,,,,,,,Kasule069 ,,,,,,,,Kasule069 ,,,,,,,,Skill&Tens,,,,,,,,Skill&Tens,,,,,,,,Skill&Tens,,,,,,,,Skill&Tens,,,,,,,,Skill&Tens,,,,,,,,Skill&Tens,,,,,,,,Skill&Tens,,,,,,,,Skill&Tens,,,,,,,,Skill&Tens,,,,,,,,Skill&Tens,,,,,,,,Skill&Tens,,,,,,,,Skill&Tens,,,,,,
,Gereul,,,,,,,,Gereul,,,,,,,,Gereul,,,,,,,,Gereul,,,,,,,,Gereul,,,,,,,,Gereul,,,,,,,,Gereul,,,,,,,,Kasule069,,,,,,,,xot16,,,,,,,,Weltrat111,,,,,,,,Ilse Macket,,,,,,,,Xinaj,,,,,,,,dermörder,,,,,,,,dermörder,,,,,,,,dermörder,,,,,,,,dermörder,,,,,,,,dermörder,,,,,,,,Dschannien,,,,,,,,Kaikeymaster1,,,,,,,,Dschannien,,,,,,,,Dschannien,,,,,,,,Dschannien,,,,,,,,Dschannien,,,,,,,,Dschannien,,,,,,,,Dschannien,,,,,,,,Artie van Delay,,,,,,,,simon31791,,,,,,,,simon31791,,,,,,,,simon31791,,,,,,,,simon31791,,,,,,,,simon31791,,,,,,,,Gereul,,,,,,,,simon31791,,,,,,,,simon31791,,,,,,,,simon31791,,,,,,,,simon31791,,,,,,,,Gereul,,,,,,,,simon31791,,,,,,,,simon31791,,,,,,,,simon31791,,,,,,,,simon31791,,,,,,,,Gereul,,,,,,,,simon31791,,,,,,,,Gereul,,,,,,,,Gereul,,,,,,,,Gereul,,,,,,,,Isachen185,,,,,,,,Isachen185,,,,,,,,Dschannien,,,,,,,,Dschannien,,,,,,,,Gereul,,,,,,,,Gereul,,,,,,,,Isachen185,,,,,,,,Isachen185,,,,,,,,Isachen185,,,,,,,,Kasule069 ,,,,,,,,Kasule069 ,,,,,,,,Kasule069 ,,,,,,,,Kasule069 ,,,,,,,,Kasule069 ,,,,,,,,Kasule069 ,,,,,,,,Kasule069 ,,,,,,,,Kasule069 ,,,,,,,,Kasule069 ,,,,,,,,Kasule069 ,,,,,,,,Kasule069 ,,,,,,,,Kasule069 ,,,,,,
,simon31791,,,,,,,,simon31791,,,,,,,,simon31791,,,,,,,,simon31791,,,,,,,,simon31791,,,,,,,,simon31791,,,,,,,,simon31791,,,,,,,,simon31791,,,,,,,,simon31791,,,,,,,,AnthonySambini,,,,,,,,Bronski0714,,,,,,,,MaxOwaR111,,,,,,,,MaxOwaR111,,,,,,,,MaxOwaR111,,,,,,,,MaxOwaR111,,,,,,,,MaxOwaR111,,,,,,,,MaxOwaR111,,,,,,,,Kaikeymaster1,,,,,,,,BennyTillHansen,,,,,,,,Kaikeymaster1,,,,,,,,Kaikeymaster1,,,,,,,,Kaikeymaster1,,,,,,,,Kaikeymaster1,,,,,,,,Kaikeymaster1,,,,,,,,Kaikeymaster1,,,,,,,,Isachen185,,,,,,,,Dschannien,,,,,,,,Dschannien,,,,,,,,Dschannien,,,,,,,,Dschannien,,,,,,,,Dschannien,,,,,,,,simon31791,,,,,,,,Dschannien,,,,,,,,Dschannien,,,,,,,,Dschannien,,,,,,,,Dschannien,,,,,,,,simon31791,,,,,,,,Dschannien,,,,,,,,Dschannien,,,,,,,,Dschannien,,,,,,,,Dschannien,,,,,,,,Dschannien,,,,,,,,Dschannien,,,,,,,,Dschannien,,,,,,,,Dschannien,,,,,,,,Dschannien,,,,,,,,Gereul,,,,,,,,Gereul,,,,,,,,Kaikeymaster1,,,,,,,,Kaikeymaster1,,,,,,,,Dschannien,,,,,,,,Dschannien,,,,,,,,Gereul,,,,,,,,Gereul,,,,,,,,Gereul,,,,,,,,Isachen185,,,,,,,,Isachen185,,,,,,,,Isachen185,,,,,,,,Isachen185,,,,,,,,Isachen185,,,,,,,,Isachen185,,,,,,,,Isachen185,,,,,,,,Isachen185,,,,,,,,Isachen185,,,,,,,,Isachen185,,,,,,,,Isachen185,,,,,,,,Isachen185,,,,,,
,Globetrotter94,,,,,,,,Globetrotter94,,,,,,,,Globetrotter94,,,,,,,,Globetrotter94,,,,,,,,Globetrotter94,,,,,,,,Globetrotter94,,,,,,,,Globetrotter94,,,,,,,,Globetrotter94,,,,,,,,Globetrotter94,,,,,,,,Globetrotter94,,,,,,,,Globetrotter94,,,,,,,,Globetrotter94,,,,,,,,Globetrotter94,,,,,,,,Globetrotter94,,,,,,,,Globetrotter94,,,,,,,,Globetrotter94,,,,,,,,Globetrotter94,,,,,,,,BennyTillHansen,,,,,,,,MaxOwaR111,,,,,,,,BennyTillHansen,,,,,,,,BennyTillHansen,,,,,,,,BennyTillHansen,,,,,,,,BennyTillHansen,,,,,,,,BennyTillHansen,,,,,,,,BennyTillHansen,,,,,,,,Gereul,,,,,,,,Kaikeymaster1,,,,,,,,Kaikeymaster1,,,,,,,,Kaikeymaster1,,,,,,,,Kaikeymaster1,,,,,,,,Kaikeymaster1,,,,,,,,Kaikeymaster1,,,,,,,,Kaikeymaster1,,,,,,,,Kaikeymaster1,,,,,,,,Kaikeymaster1,,,,,,,,Kaikeymaster1,,,,,,,,Dschannien,,,,,,,,Kaikeymaster1,,,,,,,,Kaikeymaster1,,,,,,,,Kaikeymaster1,,,,,,,,Kaikeymaster1,,,,,,,,Kaikeymaster1,,,,,,,,Kaikeymaster1,,,,,,,,Kaikeymaster1,,,,,,,,Kaikeymaster1,,,,,,,,Kaikeymaster1,,,,,,,,Dschannien,,,,,,,,Dschannien,,,,,,,,BennyTillHansen,,,,,,,,BennyTillHansen,,,,,,,,Kaikeymaster1,,,,,,,,Kaikeymaster1,,,,,,,,Dschannien,,,,,,,,Dschannien,,,,,,,,Dschannien,,,,,,,,Gereul,,,,,,,,Gereul,,,,,,,,Gereul,,,,,,,,Gereul,,,,,,,,Gereul,,,,,,,,Gereul,,,,,,,,Gereul,,,,,,,,Gereul,,,,,,,,Gereul,,,,,,,,Gereul,,,,,,,,Gereul,,,,,,,,Gereul,,,,,,
,RomanReuberson,,,,,,,,RomanReuberson,,,,,,,,RomanReuberson,,,,,,,,RomanReuberson,,,,,,,,RomanReuberson,,,,,,,,RomanReuberson,,,,,,,,RomanReuberson,,,,,,,,RomanReuberson,,,,,,,,RomanReuberson,,,,,,,,RomanReuberson,,,,,,,,RomanReuberson,,,,,,,,RomanReuberson,,,,,,,,RomanReuberson,,,,,,,,RomanReuberson,,,,,,,,RomanReuberson,,,,,,,,RomanReuberson,,,,,,,,RomanReuberson,,,,,,,,MaxOwaR111,,,,,,,,RomanReuberson,,,,,,,,MaxOwaR111,,,,,,,,MaxOwaR111,,,,,,,,MaxOwaR111,,,,,,,,MaxOwaR111,,,,,,,,MaxOwaR111,,,,,,,,MaxOwaR111,,,,,,,,Dschannien,,,,,,,,BennyTillHansen,,,,,,,,BennyTillHansen,,,,,,,,BennyTillHansen,,,,,,,,BennyTillHansen,,,,,,,,BennyTillHansen,,,,,,,,BennyTillHansen,,,,,,,,BennyTillHansen,,,,,,,,BennyTillHansen,,,,,,,,BennyTillHansen,,,,,,,,BennyTillHansen,,,,,,,,Kaikeymaster1,,,,,,,,BennyTillHansen,,,,,,,,BennyTillHansen,,,,,,,,BennyTillHansen,,,,,,,,BennyTillHansen,,,,,,,,BennyTillHansen,,,,,,,,BennyTillHansen,,,,,,,,BennyTillHansen,,,,,,,,BennyTillHansen,,,,,,,,BennyTillHansen,,,,,,,,Kaikeymaster1,,,,,,,,Kaikeymaster1,,,,,,,,MaxOwaR111,,,,,,,,MaxOwaR111,,,,,,,,BennyTillHansen,,,,,,,,BennyTillHansen,,,,,,,,Kaikeymaster1,,,,,,,,Kaikeymaster1,,,,,,,,Kaikeymaster1,,,,,,,,Dschannien,,,,,,,,Dschannien,,,,,,,,Dschannien,,,,,,,,Dschannien,,,,,,,,Dschannien,,,,,,,,Dschannien,,,,,,,,Dschannien,,,,,,,,Dschannien,,,,,,,,Dschannien,,,,,,,,Dschannien,,,,,,,,Dschannien,,,,,,,,Dschannien,,,,,,
,Schizo85,,,,,,,,Schizo85,,,,,,,,Schizo85,,,,,,,,Schizo85,,,,,,,,Schizo85,,,,,,,,Schizo85,,,,,,,,Schizo85,,,,,,,,Schizo85,,,,,,,,Schizo85,,,,,,,,Schizo85,,,,,,,,Schizo85,,,,,,,,Schizo85,,,,,,,,Schizo85,,,,,,,,Schizo85,,,,,,,,Schizo85,,,,,,,,Schizo85,,,,,,,,Schizo85,,,,,,,,Schizo85,,,,,,,,Schizo85,,,,,,,,RomanReuberson,,,,,,,,RomanReuberson,,,,,,,,RomanReuberson,,,,,,,,RomanReuberson,,,,,,,,RomanReuberson,,,,,,,,RomanReuberson,,,,,,,,Kaikeymaster1,,,,,,,,MaxOwaR111,,,,,,,,MaxOwaR111,,,,,,,,MaxOwaR111,,,,,,,,MaxOwaR111,,,,,,,,MaxOwaR111,,,,,,,,MaxOwaR111,,,,,,,,MaxOwaR111,,,,,,,,MaxOwaR111,,,,,,,,MaxOwaR111,,,,,,,,MaxOwaR111,,,,,,,,MaxOwaR111,,,,,,,,MaxOwaR111,,,,,,,,MaxOwaR111,,,,,,,,MaxOwaR111,,,,,,,,MaxOwaR111,,,,,,,,MaxOwaR111,,,,,,,,MaxOwaR111,,,,,,,,MaxOwaR111,,,,,,,,MaxOwaR111,,,,,,,,MaxOwaR111,,,,,,,,BennyTillHansen,,,,,,,,BennyTillHansen,,,,,,,,Sascha71189,,,,,,,,Sascha71189,,,,,,,,MaxOwaR111,,,,,,,,MaxOwaR111,,,,,,,,BennyTillHansen,,,,,,,,BennyTillHansen,,,,,,,,BennyTillHansen,,,,,,,,Kaikeymaster1,,,,,,,,Kaikeymaster1,,,,,,,,Kaikeymaster1,,,,,,,,Kaikeymaster1,,,,,,,,Kaikeymaster1,,,,,,,,Kaikeymaster1,,,,,,,,Kaikeymaster1,,,,,,,,Kaikeymaster1,,,,,,,,Kaikeymaster1,,,,,,,,Kaikeymaster1,,,,,,,,Kaikeymaster1,,,,,,,,Kaikeymaster1,,,,,,
,Sascha71189,,,,,,,,Sascha71189,,,,,,,,Sascha71189,,,,,,,,Sascha71189,,,,,,,,Sascha71189,,,,,,,,Sascha71189,,,,,,,,Sascha71189,,,,,,,,Sascha71189,,,,,,,,Sascha71189,,,,,,,,Sascha71189,,,,,,,,Sascha71189,,,,,,,,Sascha71189,,,,,,,,Sascha71189,,,,,,,,Sascha71189,,,,,,,,Sascha71189,,,,,,,,Sascha71189,,,,,,,,Sascha71189,,,,,,,,Sascha71189,,,,,,,,Sascha71189,,,,,,,,Sascha71189,,,,,,,,Sascha71189,,,,,,,,Sascha71189,,,,,,,,Sascha71189,,,,,,,,Sascha71189,,,,,,,,Sascha71189,,,,,,,,BennyTillHansen,,,,,,,,Sascha71189,,,,,,,,Sascha71189,,,,,,,,Sascha71189,,,,,,,,Sascha71189,,,,,,,,Sascha71189,,,,,,,,Sascha71189,,,,,,,,Sascha71189,,,,,,,,Sascha71189,,,,,,,,Sascha71189,,,,,,,,Sascha71189,,,,,,,,Sascha71189,,,,,,,,Sascha71189,,,,,,,,Sascha71189,,,,,,,,Sascha71189,,,,,,,,Sascha71189,,,,,,,,Sascha71189,,,,,,,,Sascha71189,,,,,,,,Sascha71189,,,,,,,,Sascha71189,,,,,,,,Sascha71189,,,,,,,,MaxOwaR111,,,,,,,,MaxOwaR111,,,,,,,,cyprezz,,,,,,,,cyprezz,,,,,,,,Sascha71189,,,,,,,,Sascha71189,,,,,,,,MaxOwaR111,,,,,,,,MaxOwaR111,,,,,,,,MaxOwaR111,,,,,,,,BennyTillHansen,,,,,,,,BennyTillHansen,,,,,,,,BennyTillHansen,,,,,,,,BennyTillHansen,,,,,,,,BennyTillHansen,,,,,,,,BennyTillHansen,,,,,,,,BennyTillHansen,,,,,,,,BennyTillHansen,,,,,,,,BennyTillHansen,,,,,,,,BennyTillHansen,,,,,,,,BennyTillHansen,,,,,,,,BennyTillHansen,,,,,,
,cyprezz,,,,,,,,cyprezz,,,,,,,,cyprezz,,,,,,,,cyprezz,,,,,,,,cyprezz,,,,,,,,cyprezz,,,,,,,,cyprezz,,,,,,,,cyprezz,,,,,,,,cyprezz,,,,,,,,cyprezz,,,,,,,,cyprezz,,,,,,,,cyprezz,,,,,,,,cyprezz,,,,,,,,cyprezz,,,,,,,,cyprezz,,,,,,,,cyprezz,,,,,,,,cyprezz,,,,,,,,cyprezz,,,,,,,,cyprezz,,,,,,,,cyprezz,,,,,,,,cyprezz,,,,,,,,cyprezz,,,,,,,,cyprezz,,,,,,,,cyprezz,,,,,,,,cyprezz,,,,,,,,MaxOwaR111,,,,,,,,cyprezz,,,,,,,,cyprezz,,,,,,,,cyprezz,,,,,,,,cyprezz,,,,,,,,cyprezz,,,,,,,,cyprezz,,,,,,,,cyprezz,,,,,,,,cyprezz,,,,,,,,cyprezz,,,,,,,,cyprezz,,,,,,,,cyprezz,,,,,,,,cyprezz,,,,,,,,cyprezz,,,,,,,,cyprezz,,,,,,,,cyprezz,,,,,,,,cyprezz,,,,,,,,cyprezz,,,,,,,,cyprezz,,,,,,,,cyprezz,,,,,,,,cyprezz,,,,,,,,Sascha71189,,,,,,,,Sascha71189,,,,,,,,FG1983000,,,,,,,,FG1983000,,,,,,,,cyprezz,,,,,,,,cyprezz,,,,,,,,Sascha71189,,,,,,,,Sascha71189,,,,,,,,Sascha71189,,,,,,,,MaxOwaR111,,,,,,,,MaxOwaR111,,,,,,,,MaxOwaR111,,,,,,,,MaxOwaR111,,,,,,,,MaxOwaR111,,,,,,,,MaxOwaR111,,,,,,,,MaxOwaR111,,,,,,,,MaxOwaR111,,,,,,,,MaxOwaR111,,,,,,,,MaxOwaR111,,,,,,,,MaxOwaR111,,,,,,,,MaxOwaR111,,,,,,
,ackb4r,,,,,,,,ackb4r,,,,,,,,ackb4r,,,,,,,,ackb4r,,,,,,,,ackb4r,,,,,,,,ackb4r,,,,,,,,ackb4r,,,,,,,,ackb4r,,,,,,,,ackb4r,,,,,,,,ackb4r,,,,,,,,ackb4r,,,,,,,,ackb4r,,,,,,,,ackb4r,,,,,,,,ackb4r,,,,,,,,ackb4r,,,,,,,,ackb4r,,,,,,,,ackb4r,,,,,,,,ackb4r,,,,,,,,ackb4r,,,,,,,,ackb4r,,,,,,,,ackb4r,,,,,,,,ackb4r,,,,,,,,ackb4r,,,,,,,,ackb4r,,,,,,,,ackb4r,,,,,,,,ackb4r,,,,,,,,ackb4r,,,,,,,,ackb4r,,,,,,,,ackb4r,,,,,,,,ackb4r,,,,,,,,ackb4r,,,,,,,,ackb4r,,,,,,,,ackb4r,,,,,,,,ackb4r,,,,,,,,ackb4r,,,,,,,,ackb4r,,,,,,,,ackb4r,,,,,,,,ackb4r,,,,,,,,ackb4r,,,,,,,,ackb4r,,,,,,,,ackb4r,,,,,,,,ackb4r,,,,,,,,ackb4r,,,,,,,,ackb4r,,,,,,,,ackb4r,,,,,,,,ackb4r,,,,,,,,cyprezz,,,,,,,,cyprezz,,,,,,,,ackb4r,,,,,,,,ackb4r,,,,,,,,ackb4r,,,,,,,,ackb4r,,,,,,,,ackb4r,,,,,,,,ackb4r,,,,,,,,ackb4r,,,,,,,,Sascha71189,,,,,,,,Sascha71189,,,,,,,,Sascha71189,,,,,,,,Sascha71189,,,,,,,,Sascha71189,,,,,,,,Sascha71189,,,,,,,,Sascha71189,,,,,,,,Sascha71189,,,,,,,,Sascha71189,,,,,,,,Sascha71189,,,,,,,,Sascha71189,,,,,,,,Sascha71189,,,,,,
,,,,,,,,,,,,,,,,,,,,,,,,,,,,,,,,,,,,,,,,,,,,,,,,,,,,,,,,,,,,,,,,,,,,,,,,,,,,,,,,,,,,,,,,,,,,,,,,,,,,,,,,,,,,,,,,,,,,,,,,,,,,,,,,,,,,,,,,,,,,,,,,,,,,,,,,,,,,,,,,,,,,,,,,,,,,,,,,,,,,,,,,,,,,,,,,,,,,,,,,,,,,,,,,,,,,,,,,,,,,,,,,,,,,,,,,,,,,,,,,,,,,,,,,,,,,,,,,,,,,,,,,,,,,,,,,,,,,,,,,,,,,,,,,,,,,,,,,,,,,,,,,,,,,,,,,,,,,,,,,,,,,,,,,,,,,,,,,,,,,,,,,,,,,,,,,,,,,,,,,,,,,,,,,,,,,,,,,,,,,,,,,,,,,,,,,,,,,,,,,,,,,,,,,,,,,,,,,,,,,,,,,,,,,,,,,,,,,,,,,,,,,,,,,,chmulchu,,,,,,,,ackb4r,,,,,,,,ackb4r,,,,,,,,ackb4r,,,,,,,,ackb4r,,,,,,,,ackb4r,,,,,,,,ackb4r,,,,,,,,ackb4r,,,,,,,,ackb4r,,,,,,,,ackb4r,,,,,,,,ackb4r,,,,,,
